solid OpenSCAD_Model
  facet normal 1 0 0
    outer loop
      vertex 172.65 13.3624 5.83404
      vertex 172.65 2.15 7.2
      vertex 172.65 13.3 5.2
    endloop
  endfacet
  facet normal 1 0 0
    outer loop
      vertex 172.65 13.5474 6.44372
      vertex 172.65 2.15 7.2
      vertex 172.65 13.3624 5.83404
    endloop
  endfacet
  facet normal 1 0 0
    outer loop
      vertex 172.65 13.8477 7.0056
      vertex 172.65 2.15 7.2
      vertex 172.65 13.5474 6.44372
    endloop
  endfacet
  facet normal 1 -0 0
    outer loop
      vertex 172.65 2.15 7.2
      vertex 172.65 13.8477 7.0056
      vertex 172.65 14.0073 7.2
    endloop
  endfacet
  facet normal 1 0 0
    outer loop
      vertex 172.65 58.3624 5.83404
      vertex 172.65 37.3 5.2
      vertex 172.65 58.3 5.2
    endloop
  endfacet
  facet normal 1 0 0
    outer loop
      vertex 172.65 37.2376 5.83404
      vertex 172.65 58.3624 5.83404
      vertex 172.65 58.5474 6.44372
    endloop
  endfacet
  facet normal 1 0 0
    outer loop
      vertex 172.65 37.0526 6.44372
      vertex 172.65 58.5474 6.44372
      vertex 172.65 58.8477 7.0056
    endloop
  endfacet
  facet normal 1 0 0
    outer loop
      vertex 172.65 36.7523 7.0056
      vertex 172.65 58.8477 7.0056
      vertex 172.65 59.0073 7.2
    endloop
  endfacet
  facet normal 1 0 0
    outer loop
      vertex 172.65 58.3624 5.83404
      vertex 172.65 37.2376 5.83404
      vertex 172.65 37.3 5.2
    endloop
  endfacet
  facet normal 1 0 0
    outer loop
      vertex 172.65 58.5474 6.44372
      vertex 172.65 37.0526 6.44372
      vertex 172.65 37.2376 5.83404
    endloop
  endfacet
  facet normal 1 0 0
    outer loop
      vertex 172.65 58.8477 7.0056
      vertex 172.65 36.7523 7.0056
      vertex 172.65 37.0526 6.44372
    endloop
  endfacet
  facet normal 1 0 -0
    outer loop
      vertex 172.65 36.7523 7.0056
      vertex 172.65 59.0073 7.2
      vertex 172.65 36.5927 7.2
    endloop
  endfacet
  facet normal 1 0 0
    outer loop
      vertex 172.65 116.15 7.2
      vertex 172.65 69.3 5.2
      vertex 172.65 116.15 1.2
    endloop
  endfacet
  facet normal 1 0 0
    outer loop
      vertex 172.65 116.15 7.2
      vertex 172.65 69.2375 5.83404
      vertex 172.65 69.3 5.2
    endloop
  endfacet
  facet normal 1 0 0
    outer loop
      vertex 172.65 116.15 7.2
      vertex 172.65 69.0526 6.44372
      vertex 172.65 69.2375 5.83404
    endloop
  endfacet
  facet normal 1 0 0
    outer loop
      vertex 172.65 116.15 7.2
      vertex 172.65 68.7523 7.0056
      vertex 172.65 69.0526 6.44372
    endloop
  endfacet
  facet normal 1 0 -0
    outer loop
      vertex 172.65 68.7523 7.0056
      vertex 172.65 116.15 7.2
      vertex 172.65 68.5927 7.2
    endloop
  endfacet
  facet normal 1 -0 0
    outer loop
      vertex 172.65 69.2375 4.56596
      vertex 172.65 116.15 1.2
      vertex 172.65 69.3 5.2
    endloop
  endfacet
  facet normal 1 -0 0
    outer loop
      vertex 172.65 69.0526 3.95628
      vertex 172.65 116.15 1.2
      vertex 172.65 69.2375 4.56596
    endloop
  endfacet
  facet normal 1 -0 0
    outer loop
      vertex 172.65 68.7523 3.3944
      vertex 172.65 116.15 1.2
      vertex 172.65 69.0526 3.95628
    endloop
  endfacet
  facet normal 1 -0 0
    outer loop
      vertex 172.65 68.3481 2.9019
      vertex 172.65 116.15 1.2
      vertex 172.65 68.7523 3.3944
    endloop
  endfacet
  facet normal 1 -0 0
    outer loop
      vertex 172.65 67.8556 2.49772
      vertex 172.65 116.15 1.2
      vertex 172.65 68.3481 2.9019
    endloop
  endfacet
  facet normal 1 -0 0
    outer loop
      vertex 172.65 67.2937 2.19739
      vertex 172.65 116.15 1.2
      vertex 172.65 67.8556 2.49772
    endloop
  endfacet
  facet normal 1 -0 0
    outer loop
      vertex 172.65 66.684 2.01245
      vertex 172.65 116.15 1.2
      vertex 172.65 67.2937 2.19739
    endloop
  endfacet
  facet normal 1 -0 0
    outer loop
      vertex 172.65 66.05 1.95
      vertex 172.65 116.15 1.2
      vertex 172.65 66.684 2.01245
    endloop
  endfacet
  facet normal 1 -0 0
    outer loop
      vertex 172.65 61.55 1.95
      vertex 172.65 116.15 1.2
      vertex 172.65 66.05 1.95
    endloop
  endfacet
  facet normal 1 -0 0
    outer loop
      vertex 172.65 37.3 5.2
      vertex 172.65 58.3624 4.56596
      vertex 172.65 58.3 5.2
    endloop
  endfacet
  facet normal 1 0 0
    outer loop
      vertex 172.65 37.2376 4.56596
      vertex 172.65 58.3624 4.56596
      vertex 172.65 37.3 5.2
    endloop
  endfacet
  facet normal 1 0 0
    outer loop
      vertex 172.65 58.3624 4.56596
      vertex 172.65 37.2376 4.56596
      vertex 172.65 58.5474 3.95628
    endloop
  endfacet
  facet normal 1 0 0
    outer loop
      vertex 172.65 37.0526 3.95628
      vertex 172.65 58.5474 3.95628
      vertex 172.65 37.2376 4.56596
    endloop
  endfacet
  facet normal 1 0 0
    outer loop
      vertex 172.65 58.5474 3.95628
      vertex 172.65 37.0526 3.95628
      vertex 172.65 58.8477 3.3944
    endloop
  endfacet
  facet normal 1 0 0
    outer loop
      vertex 172.65 36.7523 3.3944
      vertex 172.65 58.8477 3.3944
      vertex 172.65 37.0526 3.95628
    endloop
  endfacet
  facet normal 1 0 0
    outer loop
      vertex 172.65 58.8477 3.3944
      vertex 172.65 36.7523 3.3944
      vertex 172.65 59.2519 2.9019
    endloop
  endfacet
  facet normal 1 0 0
    outer loop
      vertex 172.65 36.3481 2.9019
      vertex 172.65 59.2519 2.9019
      vertex 172.65 36.7523 3.3944
    endloop
  endfacet
  facet normal 1 0 0
    outer loop
      vertex 172.65 59.2519 2.9019
      vertex 172.65 36.3481 2.9019
      vertex 172.65 59.7444 2.49772
    endloop
  endfacet
  facet normal 1 0 0
    outer loop
      vertex 172.65 35.8556 2.49772
      vertex 172.65 59.7444 2.49772
      vertex 172.65 36.3481 2.9019
    endloop
  endfacet
  facet normal 1 0 0
    outer loop
      vertex 172.65 59.7444 2.49772
      vertex 172.65 35.8556 2.49772
      vertex 172.65 60.3063 2.19739
    endloop
  endfacet
  facet normal 1 0 0
    outer loop
      vertex 172.65 35.2937 2.19739
      vertex 172.65 60.3063 2.19739
      vertex 172.65 35.8556 2.49772
    endloop
  endfacet
  facet normal 1 0 0
    outer loop
      vertex 172.65 60.3063 2.19739
      vertex 172.65 35.2937 2.19739
      vertex 172.65 60.916 2.01245
    endloop
  endfacet
  facet normal 1 0 0
    outer loop
      vertex 172.65 34.684 2.01245
      vertex 172.65 60.916 2.01245
      vertex 172.65 35.2937 2.19739
    endloop
  endfacet
  facet normal 1 0 0
    outer loop
      vertex 172.65 60.916 2.01245
      vertex 172.65 34.684 2.01245
      vertex 172.65 61.55 1.95
    endloop
  endfacet
  facet normal 1 0 0
    outer loop
      vertex 172.65 34.05 1.95
      vertex 172.65 61.55 1.95
      vertex 172.65 34.684 2.01245
    endloop
  endfacet
  facet normal 1 0 0
    outer loop
      vertex 172.65 61.55 1.95
      vertex 172.65 34.05 1.95
      vertex 172.65 116.15 1.2
    endloop
  endfacet
  facet normal 1 0 0
    outer loop
      vertex 172.65 2.15 1.2
      vertex 172.65 34.05 1.95
      vertex 172.65 16.55 1.95
    endloop
  endfacet
  facet normal 1 0 0
    outer loop
      vertex 172.65 2.15 7.2
      vertex 172.65 13.3624 4.56596
      vertex 172.65 13.3 5.2
    endloop
  endfacet
  facet normal 1 0 0
    outer loop
      vertex 172.65 2.15 1.2
      vertex 172.65 13.3624 4.56596
      vertex 172.65 2.15 7.2
    endloop
  endfacet
  facet normal 1 0 0
    outer loop
      vertex 172.65 13.3624 4.56596
      vertex 172.65 2.15 1.2
      vertex 172.65 13.5474 3.95628
    endloop
  endfacet
  facet normal 1 0 0
    outer loop
      vertex 172.65 13.5474 3.95628
      vertex 172.65 2.15 1.2
      vertex 172.65 13.8477 3.3944
    endloop
  endfacet
  facet normal 1 0 0
    outer loop
      vertex 172.65 13.8477 3.3944
      vertex 172.65 2.15 1.2
      vertex 172.65 14.2519 2.9019
    endloop
  endfacet
  facet normal 1 0 0
    outer loop
      vertex 172.65 14.2519 2.9019
      vertex 172.65 2.15 1.2
      vertex 172.65 14.7444 2.49772
    endloop
  endfacet
  facet normal 1 0 0
    outer loop
      vertex 172.65 34.05 1.95
      vertex 172.65 2.15 1.2
      vertex 172.65 116.15 1.2
    endloop
  endfacet
  facet normal 1 0 0
    outer loop
      vertex 172.65 15.916 2.01245
      vertex 172.65 2.15 1.2
      vertex 172.65 16.55 1.95
    endloop
  endfacet
  facet normal 1 0 0
    outer loop
      vertex 172.65 15.3063 2.19739
      vertex 172.65 2.15 1.2
      vertex 172.65 15.916 2.01245
    endloop
  endfacet
  facet normal 1 0 0
    outer loop
      vertex 172.65 14.7444 2.49772
      vertex 172.65 2.15 1.2
      vertex 172.65 15.3063 2.19739
    endloop
  endfacet
  facet normal 0 0 1
    outer loop
      vertex 68.4 116.15 7.2
      vertex 3.35 114.95 7.2
      vertex 68.4 114.95 7.2
    endloop
  endfacet
  facet normal 0 0 1
    outer loop
      vertex 3.35 114.95 7.2
      vertex 2.15 116.15 7.2
      vertex 3.35 3.35 7.2
    endloop
  endfacet
  facet normal -0 0 1
    outer loop
      vertex 2.15 116.15 7.2
      vertex 3.35 114.95 7.2
      vertex 68.4 116.15 7.2
    endloop
  endfacet
  facet normal 0 0 1
    outer loop
      vertex 171.45 3.35 7.2
      vertex 172.65 14.0073 7.2
      vertex 171.45 14.0073 7.2
    endloop
  endfacet
  facet normal 0 0 1
    outer loop
      vertex 172.65 14.0073 7.2
      vertex 171.45 3.35 7.2
      vertex 172.65 2.15 7.2
    endloop
  endfacet
  facet normal -0 0 1
    outer loop
      vertex 3.35 3.35 7.2
      vertex 172.65 2.15 7.2
      vertex 171.45 3.35 7.2
    endloop
  endfacet
  facet normal 0 0 1
    outer loop
      vertex 3.35 3.35 7.2
      vertex 2.15 2.15 7.2
      vertex 172.65 2.15 7.2
    endloop
  endfacet
  facet normal 0 0 1
    outer loop
      vertex 2.15 2.15 7.2
      vertex 3.35 3.35 7.2
      vertex 2.15 116.15 7.2
    endloop
  endfacet
  facet normal 0 0 1
    outer loop
      vertex 172.65 116.15 7.2
      vertex 171.45 114.95 7.2
      vertex 172.65 68.5927 7.2
    endloop
  endfacet
  facet normal -0 0 1
    outer loop
      vertex 106.4 116.15 7.2
      vertex 171.45 114.95 7.2
      vertex 172.65 116.15 7.2
    endloop
  endfacet
  facet normal 0 0 1
    outer loop
      vertex 171.45 114.95 7.2
      vertex 106.4 116.15 7.2
      vertex 106.4 114.95 7.2
    endloop
  endfacet
  facet normal 0 0 1
    outer loop
      vertex 172.65 68.5927 7.2
      vertex 171.45 114.95 7.2
      vertex 171.45 68.5927 7.2
    endloop
  endfacet
  facet normal -0 0 1
    outer loop
      vertex 171.45 59.0073 7.2
      vertex 172.65 36.5927 7.2
      vertex 172.65 59.0073 7.2
    endloop
  endfacet
  facet normal 0 0 1
    outer loop
      vertex 172.65 36.5927 7.2
      vertex 171.45 59.0073 7.2
      vertex 171.45 36.5927 7.2
    endloop
  endfacet
  facet normal -1 0 0
    outer loop
      vertex 2.15 2.15 1.2
      vertex 2.15 116.15 7.2
      vertex 2.15 116.15 1.2
    endloop
  endfacet
  facet normal -1 -0 0
    outer loop
      vertex 2.15 116.15 7.2
      vertex 2.15 2.15 1.2
      vertex 2.15 2.15 7.2
    endloop
  endfacet
  facet normal 0 -1 0
    outer loop
      vertex 94.4 2.15 2.72152
      vertex 135.8 2.15 3.87848
      vertex 94.4 2.15 3.87848
    endloop
  endfacet
  facet normal 0 -1 -0
    outer loop
      vertex 135.8 2.15 3.87848
      vertex 94.4 2.15 2.72152
      vertex 135.8 2.15 2.72152
    endloop
  endfacet
  facet normal 0 -1 0
    outer loop
      vertex 39 2.15 2.72152
      vertex 80.4 2.15 3.87848
      vertex 39 2.15 3.87848
    endloop
  endfacet
  facet normal 0 -1 -0
    outer loop
      vertex 80.4 2.15 3.87848
      vertex 39 2.15 2.72152
      vertex 80.4 2.15 2.72152
    endloop
  endfacet
  facet normal 0 -1 0
    outer loop
      vertex 39 2.15 3.87848
      vertex 2.15 2.15 7.2
      vertex 25 2.15 3.87848
    endloop
  endfacet
  facet normal 0 -1 0
    outer loop
      vertex 2.15 2.15 1.2
      vertex 25 2.15 3.87848
      vertex 2.15 2.15 7.2
    endloop
  endfacet
  facet normal 0 -1 0
    outer loop
      vertex 2.15 2.15 1.2
      vertex 39 2.15 2.72152
      vertex 25 2.15 2.72152
    endloop
  endfacet
  facet normal 0 -1 -0
    outer loop
      vertex 39 2.15 2.72152
      vertex 2.15 2.15 1.2
      vertex 80.4 2.15 2.72152
    endloop
  endfacet
  facet normal 0 -1 -0
    outer loop
      vertex 80.4 2.15 2.72152
      vertex 2.15 2.15 1.2
      vertex 94.4 2.15 2.72152
    endloop
  endfacet
  facet normal 0 -1 0
    outer loop
      vertex 172.65 2.15 1.2
      vertex 94.4 2.15 2.72152
      vertex 2.15 2.15 1.2
    endloop
  endfacet
  facet normal 0 -1 0
    outer loop
      vertex 94.4 2.15 2.72152
      vertex 172.65 2.15 1.2
      vertex 135.8 2.15 2.72152
    endloop
  endfacet
  facet normal 0 -1 -0
    outer loop
      vertex 25 2.15 3.87848
      vertex 2.15 2.15 1.2
      vertex 25 2.15 2.72152
    endloop
  endfacet
  facet normal 0 -1 0
    outer loop
      vertex 80.4 2.15 3.87848
      vertex 2.15 2.15 7.2
      vertex 39 2.15 3.87848
    endloop
  endfacet
  facet normal 0 -1 0
    outer loop
      vertex 2.15 2.15 7.2
      vertex 80.4 2.15 3.87848
      vertex 172.65 2.15 7.2
    endloop
  endfacet
  facet normal 0 -1 0
    outer loop
      vertex 94.4 2.15 3.87848
      vertex 172.65 2.15 7.2
      vertex 80.4 2.15 3.87848
    endloop
  endfacet
  facet normal 0 -1 0
    outer loop
      vertex 135.8 2.15 3.87848
      vertex 172.65 2.15 7.2
      vertex 94.4 2.15 3.87848
    endloop
  endfacet
  facet normal 0 -1 0
    outer loop
      vertex 149.8 2.15 3.87848
      vertex 172.65 2.15 7.2
      vertex 135.8 2.15 3.87848
    endloop
  endfacet
  facet normal 0 -1 0
    outer loop
      vertex 172.65 2.15 1.2
      vertex 149.8 2.15 3.87848
      vertex 149.8 2.15 2.72152
    endloop
  endfacet
  facet normal 0 -1 0
    outer loop
      vertex 149.8 2.15 3.87848
      vertex 172.65 2.15 1.2
      vertex 172.65 2.15 7.2
    endloop
  endfacet
  facet normal 0 -1 0
    outer loop
      vertex 135.8 2.15 2.72152
      vertex 172.65 2.15 1.2
      vertex 149.8 2.15 2.72152
    endloop
  endfacet
  facet normal 0 1 0
    outer loop
      vertex 135.8 116.15 3.87848
      vertex 172.65 116.15 7.2
      vertex 149.8 116.15 3.87848
    endloop
  endfacet
  facet normal 0 1 -0
    outer loop
      vertex 172.65 116.15 1.2
      vertex 149.8 116.15 3.87848
      vertex 172.65 116.15 7.2
    endloop
  endfacet
  facet normal 0 1 0
    outer loop
      vertex 149.8 116.15 2.72152
      vertex 172.65 116.15 1.2
      vertex 135.8 116.15 2.72152
    endloop
  endfacet
  facet normal 0 1 0
    outer loop
      vertex 149.8 116.15 3.87848
      vertex 172.65 116.15 1.2
      vertex 149.8 116.15 2.72152
    endloop
  endfacet
  facet normal 0 1 0
    outer loop
      vertex 172.65 116.15 7.2
      vertex 135.8 116.15 3.87848
      vertex 106.4 116.15 7.2
    endloop
  endfacet
  facet normal 0 1 0
    outer loop
      vertex 106.4 116.15 1.2
      vertex 135.8 116.15 3.87848
      vertex 135.8 116.15 2.72152
    endloop
  endfacet
  facet normal 0 1 0
    outer loop
      vertex 135.8 116.15 3.87848
      vertex 106.4 116.15 1.2
      vertex 106.4 116.15 7.2
    endloop
  endfacet
  facet normal 0 1 0
    outer loop
      vertex 106.4 116.15 1.2
      vertex 135.8 116.15 2.72152
      vertex 172.65 116.15 1.2
    endloop
  endfacet
  facet normal 0 1 0
    outer loop
      vertex 68.4 116.15 7.2
      vertex 39 116.15 3.87848
      vertex 2.15 116.15 7.2
    endloop
  endfacet
  facet normal 0 1 -0
    outer loop
      vertex 68.4 116.15 1.2
      vertex 39 116.15 3.87848
      vertex 68.4 116.15 7.2
    endloop
  endfacet
  facet normal 0 1 0
    outer loop
      vertex 2.15 116.15 1.2
      vertex 39 116.15 2.72152
      vertex 68.4 116.15 1.2
    endloop
  endfacet
  facet normal 0 1 0
    outer loop
      vertex 39 116.15 3.87848
      vertex 68.4 116.15 1.2
      vertex 39 116.15 2.72152
    endloop
  endfacet
  facet normal 0 1 -0
    outer loop
      vertex 25 116.15 3.87848
      vertex 2.15 116.15 7.2
      vertex 39 116.15 3.87848
    endloop
  endfacet
  facet normal 0 1 0
    outer loop
      vertex 2.15 116.15 1.2
      vertex 25 116.15 3.87848
      vertex 25 116.15 2.72152
    endloop
  endfacet
  facet normal 0 1 0
    outer loop
      vertex 25 116.15 3.87848
      vertex 2.15 116.15 1.2
      vertex 2.15 116.15 7.2
    endloop
  endfacet
  facet normal 0 1 0
    outer loop
      vertex 39 116.15 2.72152
      vertex 2.15 116.15 1.2
      vertex 25 116.15 2.72152
    endloop
  endfacet
  facet normal -1 -0 0
    outer loop
      vertex 171.45 13.3624 4.56596
      vertex 171.45 11.1 2.2
      vertex 171.45 13.3 5.2
    endloop
  endfacet
  facet normal -1 -0 0
    outer loop
      vertex 171.45 13.5474 3.95628
      vertex 171.45 11.1 2.2
      vertex 171.45 13.3624 4.56596
    endloop
  endfacet
  facet normal -1 -0 0
    outer loop
      vertex 171.45 13.8477 3.3944
      vertex 171.45 11.1 2.2
      vertex 171.45 13.5474 3.95628
    endloop
  endfacet
  facet normal -1 -0 0
    outer loop
      vertex 171.45 14.2519 2.9019
      vertex 171.45 11.1 2.2
      vertex 171.45 13.8477 3.3944
    endloop
  endfacet
  facet normal -1 -0 0
    outer loop
      vertex 171.45 14.7444 2.49772
      vertex 171.45 11.1 2.2
      vertex 171.45 14.2519 2.9019
    endloop
  endfacet
  facet normal -1 0 0
    outer loop
      vertex 171.45 11.1 2.2
      vertex 171.45 14.7444 2.49772
      vertex 171.45 15.3014 2.2
    endloop
  endfacet
  facet normal -1 0 0
    outer loop
      vertex 171.45 11.1 2.2
      vertex 171.45 13.3624 5.83404
      vertex 171.45 13.3 5.2
    endloop
  endfacet
  facet normal -1 0 0
    outer loop
      vertex 171.45 3.35 7.2
      vertex 171.45 13.3624 5.83404
      vertex 171.45 11.1 2.2
    endloop
  endfacet
  facet normal -1 0 0
    outer loop
      vertex 171.45 13.3624 5.83404
      vertex 171.45 3.35 7.2
      vertex 171.45 13.5474 6.44372
    endloop
  endfacet
  facet normal -1 0 0
    outer loop
      vertex 171.45 3.35 7.2
      vertex 171.45 11.1 2.2
      vertex 171.45 3.35 1.2
    endloop
  endfacet
  facet normal -1 0 0
    outer loop
      vertex 171.45 13.5474 6.44372
      vertex 171.45 3.35 7.2
      vertex 171.45 13.8477 7.0056
    endloop
  endfacet
  facet normal -1 0 0
    outer loop
      vertex 171.45 13.8477 7.0056
      vertex 171.45 3.35 7.2
      vertex 171.45 14.0073 7.2
    endloop
  endfacet
  facet normal -1 0 0
    outer loop
      vertex 171.45 11.1 1.2
      vertex 171.45 3.35 1.2
      vertex 171.45 11.1 2.2
    endloop
  endfacet
  facet normal -1 0 0
    outer loop
      vertex 171.45 53.1 1.2
      vertex 171.45 39.5 1.2
      vertex 171.45 53.1 2.2
    endloop
  endfacet
  facet normal -1 0 0
    outer loop
      vertex 171.45 67.8 1.2
      vertex 171.45 67.2937 2.19739
      vertex 171.45 67.8 2.2
    endloop
  endfacet
  facet normal -1 0 0
    outer loop
      vertex 171.45 67.8 1.2
      vertex 171.45 66.684 2.01245
      vertex 171.45 67.2937 2.19739
    endloop
  endfacet
  facet normal -1 0 0
    outer loop
      vertex 171.45 67.8 1.2
      vertex 171.45 66.05 1.95
      vertex 171.45 66.684 2.01245
    endloop
  endfacet
  facet normal -1 0 0
    outer loop
      vertex 171.45 67.8 1.2
      vertex 171.45 61.55 1.95
      vertex 171.45 66.05 1.95
    endloop
  endfacet
  facet normal -1 0 0
    outer loop
      vertex 171.45 59.8 1.2
      vertex 171.45 61.55 1.95
      vertex 171.45 67.8 1.2
    endloop
  endfacet
  facet normal -1 -0 0
    outer loop
      vertex 171.45 61.55 1.95
      vertex 171.45 59.8 1.2
      vertex 171.45 60.916 2.01245
    endloop
  endfacet
  facet normal -1 0 0
    outer loop
      vertex 171.45 59.8 1.2
      vertex 171.45 60.3063 2.19739
      vertex 171.45 60.916 2.01245
    endloop
  endfacet
  facet normal -1 0 0
    outer loop
      vertex 171.45 59.8 2.2
      vertex 171.45 60.3063 2.19739
      vertex 171.45 59.8 1.2
    endloop
  endfacet
  facet normal -1 0 0
    outer loop
      vertex 171.45 59.8 2.2
      vertex 171.45 59.7444 2.49772
      vertex 171.45 60.3063 2.19739
    endloop
  endfacet
  facet normal -1 0 0
    outer loop
      vertex 171.45 59.8 2.2
      vertex 171.45 59.2519 2.9019
      vertex 171.45 59.7444 2.49772
    endloop
  endfacet
  facet normal -1 0 0
    outer loop
      vertex 171.45 53.1 2.2
      vertex 171.45 59.2519 2.9019
      vertex 171.45 59.8 2.2
    endloop
  endfacet
  facet normal -1 -0 0
    outer loop
      vertex 171.45 58.3624 4.56596
      vertex 171.45 53.1 2.2
      vertex 171.45 58.3 5.2
    endloop
  endfacet
  facet normal -1 -0 0
    outer loop
      vertex 171.45 58.5474 3.95628
      vertex 171.45 53.1 2.2
      vertex 171.45 58.3624 4.56596
    endloop
  endfacet
  facet normal -1 -0 0
    outer loop
      vertex 171.45 58.8477 3.3944
      vertex 171.45 53.1 2.2
      vertex 171.45 58.5474 3.95628
    endloop
  endfacet
  facet normal -1 -0 0
    outer loop
      vertex 171.45 59.2519 2.9019
      vertex 171.45 53.1 2.2
      vertex 171.45 58.8477 3.3944
    endloop
  endfacet
  facet normal -1 0 0
    outer loop
      vertex 171.45 74.5 2.2
      vertex 171.45 69.2375 4.56596
      vertex 171.45 69.3 5.2
    endloop
  endfacet
  facet normal -1 0 0
    outer loop
      vertex 171.45 74.5 2.2
      vertex 171.45 69.0526 3.95628
      vertex 171.45 69.2375 4.56596
    endloop
  endfacet
  facet normal -1 0 0
    outer loop
      vertex 171.45 74.5 2.2
      vertex 171.45 68.7523 3.3944
      vertex 171.45 69.0526 3.95628
    endloop
  endfacet
  facet normal -1 0 0
    outer loop
      vertex 171.45 74.5 2.2
      vertex 171.45 68.3481 2.9019
      vertex 171.45 68.7523 3.3944
    endloop
  endfacet
  facet normal -1 0 0
    outer loop
      vertex 171.45 67.8 2.2
      vertex 171.45 68.3481 2.9019
      vertex 171.45 74.5 2.2
    endloop
  endfacet
  facet normal -1 0 0
    outer loop
      vertex 171.45 68.3481 2.9019
      vertex 171.45 67.8 2.2
      vertex 171.45 67.8556 2.49772
    endloop
  endfacet
  facet normal -1 0 0
    outer loop
      vertex 171.45 67.8556 2.49772
      vertex 171.45 67.8 2.2
      vertex 171.45 67.2937 2.19739
    endloop
  endfacet
  facet normal -1 0 0
    outer loop
      vertex 171.45 74.5 2.2
      vertex 171.45 114.95 1.2
      vertex 171.45 74.5 1.2
    endloop
  endfacet
  facet normal -1 0 0
    outer loop
      vertex 171.45 114.95 1.2
      vertex 171.45 74.5 2.2
      vertex 171.45 114.95 7.2
    endloop
  endfacet
  facet normal -1 0 0
    outer loop
      vertex 171.45 69.2375 5.83404
      vertex 171.45 74.5 2.2
      vertex 171.45 69.3 5.2
    endloop
  endfacet
  facet normal -1 0 0
    outer loop
      vertex 171.45 69.0526 6.44372
      vertex 171.45 74.5 2.2
      vertex 171.45 69.2375 5.83404
    endloop
  endfacet
  facet normal -1 0 0
    outer loop
      vertex 171.45 68.7523 7.0056
      vertex 171.45 74.5 2.2
      vertex 171.45 69.0526 6.44372
    endloop
  endfacet
  facet normal -1 0 0
    outer loop
      vertex 171.45 68.5927 7.2
      vertex 171.45 74.5 2.2
      vertex 171.45 68.7523 7.0056
    endloop
  endfacet
  facet normal -1 0 0
    outer loop
      vertex 171.45 74.5 2.2
      vertex 171.45 68.5927 7.2
      vertex 171.45 114.95 7.2
    endloop
  endfacet
  facet normal -1 0 0
    outer loop
      vertex 171.45 53.1 2.2
      vertex 171.45 58.3624 5.83404
      vertex 171.45 58.3 5.2
    endloop
  endfacet
  facet normal -1 0 0
    outer loop
      vertex 171.45 53.1 2.2
      vertex 171.45 58.5474 6.44372
      vertex 171.45 58.3624 5.83404
    endloop
  endfacet
  facet normal -1 0 0
    outer loop
      vertex 171.45 53.1 2.2
      vertex 171.45 58.8477 7.0056
      vertex 171.45 58.5474 6.44372
    endloop
  endfacet
  facet normal -1 0 0
    outer loop
      vertex 171.45 36.7523 7.0056
      vertex 171.45 58.8477 7.0056
      vertex 171.45 53.1 2.2
    endloop
  endfacet
  facet normal -1 0 0
    outer loop
      vertex 171.45 39.5 2.2
      vertex 171.45 53.1 2.2
      vertex 171.45 39.5 1.2
    endloop
  endfacet
  facet normal -1 0 0
    outer loop
      vertex 171.45 37.0526 6.44372
      vertex 171.45 53.1 2.2
      vertex 171.45 39.5 2.2
    endloop
  endfacet
  facet normal -1 0 0
    outer loop
      vertex 171.45 37.2376 5.83404
      vertex 171.45 39.5 2.2
      vertex 171.45 37.3 5.2
    endloop
  endfacet
  facet normal -1 0 0
    outer loop
      vertex 171.45 37.0526 6.44372
      vertex 171.45 39.5 2.2
      vertex 171.45 37.2376 5.83404
    endloop
  endfacet
  facet normal -1 0 0
    outer loop
      vertex 171.45 36.7523 7.0056
      vertex 171.45 53.1 2.2
      vertex 171.45 37.0526 6.44372
    endloop
  endfacet
  facet normal -1 0 0
    outer loop
      vertex 171.45 58.8477 7.0056
      vertex 171.45 36.7523 7.0056
      vertex 171.45 59.0073 7.2
    endloop
  endfacet
  facet normal -1 -0 0
    outer loop
      vertex 171.45 59.0073 7.2
      vertex 171.45 36.7523 7.0056
      vertex 171.45 36.5927 7.2
    endloop
  endfacet
  facet normal -1 0 0
    outer loop
      vertex 171.45 39.5 2.2
      vertex 171.45 37.2376 4.56596
      vertex 171.45 37.3 5.2
    endloop
  endfacet
  facet normal -1 0 0
    outer loop
      vertex 171.45 39.5 2.2
      vertex 171.45 37.0526 3.95628
      vertex 171.45 37.2376 4.56596
    endloop
  endfacet
  facet normal -1 0 0
    outer loop
      vertex 171.45 39.5 2.2
      vertex 171.45 36.7523 3.3944
      vertex 171.45 37.0526 3.95628
    endloop
  endfacet
  facet normal -1 0 0
    outer loop
      vertex 171.45 39.5 2.2
      vertex 171.45 36.3481 2.9019
      vertex 171.45 36.7523 3.3944
    endloop
  endfacet
  facet normal -1 0 0
    outer loop
      vertex 171.45 39.5 2.2
      vertex 171.45 35.8556 2.49772
      vertex 171.45 36.3481 2.9019
    endloop
  endfacet
  facet normal -1 0 -0
    outer loop
      vertex 171.45 35.8556 2.49772
      vertex 171.45 39.5 2.2
      vertex 171.45 35.2986 2.2
    endloop
  endfacet
  facet normal -1 0 0
    outer loop
      vertex 171.45 21.3 1.2
      vertex 171.45 29.3 1.95
      vertex 171.45 29.3 1.2
    endloop
  endfacet
  facet normal -1 -0 0
    outer loop
      vertex 171.45 29.3 1.95
      vertex 171.45 21.3 1.2
      vertex 171.45 21.3 1.95
    endloop
  endfacet
  facet normal 1 -0 0
    outer loop
      vertex 3.35 3.35 7.2
      vertex 3.35 114.95 1.2
      vertex 3.35 114.95 7.2
    endloop
  endfacet
  facet normal 1 0 0
    outer loop
      vertex 3.35 114.95 1.2
      vertex 3.35 3.35 7.2
      vertex 3.35 3.35 1.2
    endloop
  endfacet
  facet normal 0 1 -0
    outer loop
      vertex 171.45 3.35 1.2
      vertex 3.35 3.35 7.2
      vertex 171.45 3.35 7.2
    endloop
  endfacet
  facet normal 0 1 0
    outer loop
      vertex 3.35 3.35 7.2
      vertex 171.45 3.35 1.2
      vertex 3.35 3.35 1.2
    endloop
  endfacet
  facet normal 0 -1 0
    outer loop
      vertex 3.35 114.95 1.2
      vertex 68.4 114.95 7.2
      vertex 3.35 114.95 7.2
    endloop
  endfacet
  facet normal 0 -1 -0
    outer loop
      vertex 68.4 114.95 7.2
      vertex 3.35 114.95 1.2
      vertex 68.4 114.95 1.2
    endloop
  endfacet
  facet normal 0 -1 0
    outer loop
      vertex 106.4 114.95 1.2
      vertex 171.45 114.95 7.2
      vertex 106.4 114.95 7.2
    endloop
  endfacet
  facet normal 0 -1 -0
    outer loop
      vertex 171.45 114.95 7.2
      vertex 106.4 114.95 1.2
      vertex 171.45 114.95 1.2
    endloop
  endfacet
  facet normal -1 0 0
    outer loop
      vertex 106.4 114.95 1.2
      vertex 106.4 116.15 7.2
      vertex 106.4 116.15 1.2
    endloop
  endfacet
  facet normal -1 -0 0
    outer loop
      vertex 106.4 116.15 7.2
      vertex 106.4 114.95 1.2
      vertex 106.4 114.95 7.2
    endloop
  endfacet
  facet normal -0 0 1
    outer loop
      vertex 8.8 55.3 1.2
      vertex 9.6 47.3 1.2
      vertex 9.6 55.3 1.2
    endloop
  endfacet
  facet normal 0 0 1
    outer loop
      vertex 9.6 47.3 1.2
      vertex 8.8 55.3 1.2
      vertex 8.8 47.3 1.2
    endloop
  endfacet
  facet normal 0 0 1
    outer loop
      vertex 9.6 55.3 1.2
      vertex 31 68.7 1.2
      vertex 9.6 68.7 1.2
    endloop
  endfacet
  facet normal 0 0 1
    outer loop
      vertex 31 68.7 1.2
      vertex 9.6 55.3 1.2
      vertex 31 33.9 1.2
    endloop
  endfacet
  facet normal -0 0 1
    outer loop
      vertex 9.6 47.3 1.2
      vertex 31 33.9 1.2
      vertex 9.6 55.3 1.2
    endloop
  endfacet
  facet normal 0 0 1
    outer loop
      vertex 31 33.9 1.2
      vertex 9.6 47.3 1.2
      vertex 9.6 33.9 1.2
    endloop
  endfacet
  facet normal -0 0 1
    outer loop
      vertex 53.8 101.2 1.2
      vertex 54.6 93.2 1.2
      vertex 54.6 101.2 1.2
    endloop
  endfacet
  facet normal 0 0 1
    outer loop
      vertex 54.6 93.2 1.2
      vertex 53.8 101.2 1.2
      vertex 53.8 93.2 1.2
    endloop
  endfacet
  facet normal -0 0 1
    outer loop
      vertex 39 68.7 1.2
      vertex 60.4 55.3 1.2
      vertex 60.4 68.7 1.2
    endloop
  endfacet
  facet normal 0 0 1
    outer loop
      vertex 60.4 55.3 1.2
      vertex 39 68.7 1.2
      vertex 60.4 47.3 1.2
    endloop
  endfacet
  facet normal 0 0 1
    outer loop
      vertex 39 33.9 1.2
      vertex 60.4 47.3 1.2
      vertex 39 68.7 1.2
    endloop
  endfacet
  facet normal 0 0 1
    outer loop
      vertex 60.4 47.3 1.2
      vertex 39 33.9 1.2
      vertex 60.4 33.9 1.2
    endloop
  endfacet
  facet normal -0 0 1
    outer loop
      vertex 60.4 55.3 1.2
      vertex 61.2 47.3 1.2
      vertex 61.2 55.3 1.2
    endloop
  endfacet
  facet normal 0 0 1
    outer loop
      vertex 61.2 47.3 1.2
      vertex 60.4 55.3 1.2
      vertex 60.4 47.3 1.2
    endloop
  endfacet
  facet normal 0 0 1
    outer loop
      vertex 67 9.3 1.2
      vertex 58 7.3 1.2
      vertex 66 7.3 1.2
    endloop
  endfacet
  facet normal 0 0 1
    outer loop
      vertex 58 7.3 1.2
      vertex 50 9.3 1.2
      vertex 58 4.3 1.2
    endloop
  endfacet
  facet normal -0 0 1
    outer loop
      vertex 50 9.3 1.2
      vertex 58 7.3 1.2
      vertex 67 9.3 1.2
    endloop
  endfacet
  facet normal 0 0 1
    outer loop
      vertex 100.75 21.3 1.2
      vertex 67 21.3 1.2
      vertex 100.75 11.1 1.2
    endloop
  endfacet
  facet normal 0 0 1
    outer loop
      vertex 61.2 55.3 1.2
      vertex 83.5 80.9 1.2
      vertex 61.2 69.5 1.2
    endloop
  endfacet
  facet normal -0 0 1
    outer loop
      vertex 53.8 80.9 1.2
      vertex 61.2 69.5 1.2
      vertex 83.5 80.9 1.2
    endloop
  endfacet
  facet normal 0 0 1
    outer loop
      vertex 61.2 69.5 1.2
      vertex 53.8 80.9 1.2
      vertex 39 69.5 1.2
    endloop
  endfacet
  facet normal 0 0 1
    outer loop
      vertex 54.6 101.2 1.2
      vertex 83.5 112.7 1.2
      vertex 54.6 112.7 1.2
    endloop
  endfacet
  facet normal 0 0 1
    outer loop
      vertex 83.5 112.7 1.2
      vertex 54.6 101.2 1.2
      vertex 83.5 81.7 1.2
    endloop
  endfacet
  facet normal -0 0 1
    outer loop
      vertex 54.6 93.2 1.2
      vertex 83.5 81.7 1.2
      vertex 54.6 101.2 1.2
    endloop
  endfacet
  facet normal 0 0 1
    outer loop
      vertex 83.5 81.7 1.2
      vertex 54.6 93.2 1.2
      vertex 54.6 81.7 1.2
    endloop
  endfacet
  facet normal -0 0 1
    outer loop
      vertex 68.4 114.95 1.2
      vertex 83.5 113.5 1.2
      vertex 68.4 116.15 1.2
    endloop
  endfacet
  facet normal 0 0 1
    outer loop
      vertex 68.4 114.95 1.2
      vertex 53.8 113.5 1.2
      vertex 83.5 113.5 1.2
    endloop
  endfacet
  facet normal 0 0 1
    outer loop
      vertex 3.35 114.95 1.2
      vertex 53.8 101.2 1.2
      vertex 53.8 113.5 1.2
    endloop
  endfacet
  facet normal 0 0 1
    outer loop
      vertex 53.8 101.2 1.2
      vertex 3.35 114.95 1.2
      vertex 53.8 93.2 1.2
    endloop
  endfacet
  facet normal 0 -0 1
    outer loop
      vertex 39 69.5 1.2
      vertex 53.8 93.2 1.2
      vertex 31 69.5 1.2
    endloop
  endfacet
  facet normal 0 0 1
    outer loop
      vertex 31 68.7 1.2
      vertex 39 68.7 1.2
      vertex 39 69.5 1.2
    endloop
  endfacet
  facet normal 0 0 1
    outer loop
      vertex 39 68.7 1.2
      vertex 31 68.7 1.2
      vertex 39 33.9 1.2
    endloop
  endfacet
  facet normal 0 0 1
    outer loop
      vertex 31 68.7 1.2
      vertex 39 69.5 1.2
      vertex 31 69.5 1.2
    endloop
  endfacet
  facet normal 0 0 1
    outer loop
      vertex 53.8 93.2 1.2
      vertex 39 69.5 1.2
      vertex 53.8 80.9 1.2
    endloop
  endfacet
  facet normal 0 0 1
    outer loop
      vertex 53.8 93.2 1.2
      vertex 3.35 114.95 1.2
      vertex 31 69.5 1.2
    endloop
  endfacet
  facet normal 0 0 1
    outer loop
      vertex 3.35 114.95 1.2
      vertex 8.8 55.3 1.2
      vertex 8.8 69.5 1.2
    endloop
  endfacet
  facet normal 0 0 1
    outer loop
      vertex 8.8 55.3 1.2
      vertex 3.35 3.35 1.2
      vertex 8.8 47.3 1.2
    endloop
  endfacet
  facet normal 0 0 1
    outer loop
      vertex 8.8 55.3 1.2
      vertex 3.35 114.95 1.2
      vertex 3.35 3.35 1.2
    endloop
  endfacet
  facet normal 0 0 1
    outer loop
      vertex 31 69.5 1.2
      vertex 3.35 114.95 1.2
      vertex 8.8 69.5 1.2
    endloop
  endfacet
  facet normal -0 0 1
    outer loop
      vertex 3.35 114.95 1.2
      vertex 53.8 113.5 1.2
      vertex 68.4 114.95 1.2
    endloop
  endfacet
  facet normal -0 0 1
    outer loop
      vertex 66 23.3 1.2
      vertex 67 21.3 1.2
      vertex 66 26.3 1.2
    endloop
  endfacet
  facet normal -0 0 1
    outer loop
      vertex 58 23.3 1.2
      vertex 67 21.3 1.2
      vertex 66 23.3 1.2
    endloop
  endfacet
  facet normal 0 0 1
    outer loop
      vertex 67 21.3 1.2
      vertex 58 23.3 1.2
      vertex 50 21.3 1.2
    endloop
  endfacet
  facet normal 0 0 1
    outer loop
      vertex 91.5 80.9 1.2
      vertex 61.2 55.3 1.2
      vertex 61.2 47.3 1.2
    endloop
  endfacet
  facet normal 0 0 1
    outer loop
      vertex 91.5 80.9 1.2
      vertex 61.2 47.3 1.2
      vertex 66 26.3 1.2
    endloop
  endfacet
  facet normal -0 0 1
    outer loop
      vertex 61.2 33.1 1.2
      vertex 66 26.3 1.2
      vertex 61.2 47.3 1.2
    endloop
  endfacet
  facet normal 0 0 1
    outer loop
      vertex 61.2 33.1 1.2
      vertex 58 26.3 1.2
      vertex 66 26.3 1.2
    endloop
  endfacet
  facet normal 0 0 1
    outer loop
      vertex 58 26.3 1.2
      vertex 50 21.3 1.2
      vertex 58 23.3 1.2
    endloop
  endfacet
  facet normal -0 0 1
    outer loop
      vertex 39 33.1 1.2
      vertex 58 26.3 1.2
      vertex 61.2 33.1 1.2
    endloop
  endfacet
  facet normal 0 0 1
    outer loop
      vertex 39 33.1 1.2
      vertex 50 20.3 1.2
      vertex 50 21.3 1.2
    endloop
  endfacet
  facet normal 0 0 1
    outer loop
      vertex 50 20.3 1.2
      vertex 31 33.1 1.2
      vertex 50 10.3 1.2
    endloop
  endfacet
  facet normal 0 0 1
    outer loop
      vertex 50 20.3 1.2
      vertex 39 33.1 1.2
      vertex 31 33.1 1.2
    endloop
  endfacet
  facet normal 0 0 1
    outer loop
      vertex 58 26.3 1.2
      vertex 39 33.1 1.2
      vertex 50 21.3 1.2
    endloop
  endfacet
  facet normal 0 0 1
    outer loop
      vertex 66 20.3 1.2
      vertex 63.5 15.3 1.2
      vertex 66 10.3 1.2
    endloop
  endfacet
  facet normal 0 0 1
    outer loop
      vertex 66 20.3 1.2
      vertex 63.4712 15.5926 1.2
      vertex 63.5 15.3 1.2
    endloop
  endfacet
  facet normal 0 0 1
    outer loop
      vertex 66 20.3 1.2
      vertex 63.3858 15.874 1.2
      vertex 63.4712 15.5926 1.2
    endloop
  endfacet
  facet normal 0 0 1
    outer loop
      vertex 66 20.3 1.2
      vertex 63.2472 16.1334 1.2
      vertex 63.3858 15.874 1.2
    endloop
  endfacet
  facet normal 0 0 1
    outer loop
      vertex 66 20.3 1.2
      vertex 63.0607 16.3607 1.2
      vertex 63.2472 16.1334 1.2
    endloop
  endfacet
  facet normal 0 0 1
    outer loop
      vertex 66 20.3 1.2
      vertex 62.8334 16.5472 1.2
      vertex 63.0607 16.3607 1.2
    endloop
  endfacet
  facet normal 0 0 1
    outer loop
      vertex 66 20.3 1.2
      vertex 62.574 16.6858 1.2
      vertex 62.8334 16.5472 1.2
    endloop
  endfacet
  facet normal 0 0 1
    outer loop
      vertex 66 20.3 1.2
      vertex 62.2926 16.7712 1.2
      vertex 62.574 16.6858 1.2
    endloop
  endfacet
  facet normal 0 0 1
    outer loop
      vertex 66 20.3 1.2
      vertex 62 16.8 1.2
      vertex 62.2926 16.7712 1.2
    endloop
  endfacet
  facet normal 0 0 1
    outer loop
      vertex 66 20.3 1.2
      vertex 61.7074 16.7712 1.2
      vertex 62 16.8 1.2
    endloop
  endfacet
  facet normal 0 0 1
    outer loop
      vertex 66 20.3 1.2
      vertex 61.426 16.6858 1.2
      vertex 61.7074 16.7712 1.2
    endloop
  endfacet
  facet normal -0 0 1
    outer loop
      vertex 50 20.3 1.2
      vertex 61.426 16.6858 1.2
      vertex 66 20.3 1.2
    endloop
  endfacet
  facet normal 0 0 1
    outer loop
      vertex 60.5288 15.5926 1.2
      vertex 50 20.3 1.2
      vertex 60.5 15.3 1.2
    endloop
  endfacet
  facet normal 0 0 1
    outer loop
      vertex 60.6142 15.874 1.2
      vertex 50 20.3 1.2
      vertex 60.5288 15.5926 1.2
    endloop
  endfacet
  facet normal 0 0 1
    outer loop
      vertex 60.7528 16.1334 1.2
      vertex 50 20.3 1.2
      vertex 60.6142 15.874 1.2
    endloop
  endfacet
  facet normal 0 0 1
    outer loop
      vertex 60.9393 16.3607 1.2
      vertex 50 20.3 1.2
      vertex 60.7528 16.1334 1.2
    endloop
  endfacet
  facet normal 0 0 1
    outer loop
      vertex 61.1666 16.5472 1.2
      vertex 50 20.3 1.2
      vertex 60.9393 16.3607 1.2
    endloop
  endfacet
  facet normal 0 0 1
    outer loop
      vertex 61.426 16.6858 1.2
      vertex 50 20.3 1.2
      vertex 61.1666 16.5472 1.2
    endloop
  endfacet
  facet normal -0 0 1
    outer loop
      vertex 63.4712 15.0074 1.2
      vertex 66 10.3 1.2
      vertex 63.5 15.3 1.2
    endloop
  endfacet
  facet normal -0 0 1
    outer loop
      vertex 63.3858 14.726 1.2
      vertex 66 10.3 1.2
      vertex 63.4712 15.0074 1.2
    endloop
  endfacet
  facet normal -0 0 1
    outer loop
      vertex 63.2472 14.4666 1.2
      vertex 66 10.3 1.2
      vertex 63.3858 14.726 1.2
    endloop
  endfacet
  facet normal -0 0 1
    outer loop
      vertex 63.0607 14.2393 1.2
      vertex 66 10.3 1.2
      vertex 63.2472 14.4666 1.2
    endloop
  endfacet
  facet normal -0 0 1
    outer loop
      vertex 62.8334 14.0528 1.2
      vertex 66 10.3 1.2
      vertex 63.0607 14.2393 1.2
    endloop
  endfacet
  facet normal -0 0 1
    outer loop
      vertex 62.574 13.9142 1.2
      vertex 66 10.3 1.2
      vertex 62.8334 14.0528 1.2
    endloop
  endfacet
  facet normal -0 0 1
    outer loop
      vertex 62.2926 13.8288 1.2
      vertex 66 10.3 1.2
      vertex 62.574 13.9142 1.2
    endloop
  endfacet
  facet normal -0 0 1
    outer loop
      vertex 62 13.8 1.2
      vertex 66 10.3 1.2
      vertex 62.2926 13.8288 1.2
    endloop
  endfacet
  facet normal 0 0 1
    outer loop
      vertex 61.7074 13.8288 1.2
      vertex 66 10.3 1.2
      vertex 62 13.8 1.2
    endloop
  endfacet
  facet normal 0 0 1
    outer loop
      vertex 61.426 13.9142 1.2
      vertex 66 10.3 1.2
      vertex 61.7074 13.8288 1.2
    endloop
  endfacet
  facet normal 0 0 1
    outer loop
      vertex 50 10.3 1.2
      vertex 61.426 13.9142 1.2
      vertex 61.1666 14.0528 1.2
    endloop
  endfacet
  facet normal 0 0 1
    outer loop
      vertex 50 10.3 1.2
      vertex 60.5 15.3 1.2
      vertex 50 20.3 1.2
    endloop
  endfacet
  facet normal 0 0 1
    outer loop
      vertex 60.5 15.3 1.2
      vertex 50 10.3 1.2
      vertex 60.5288 15.0074 1.2
    endloop
  endfacet
  facet normal 0 0 1
    outer loop
      vertex 60.5288 15.0074 1.2
      vertex 50 10.3 1.2
      vertex 60.6142 14.726 1.2
    endloop
  endfacet
  facet normal 0 0 1
    outer loop
      vertex 60.6142 14.726 1.2
      vertex 50 10.3 1.2
      vertex 60.7528 14.4666 1.2
    endloop
  endfacet
  facet normal 0 0 1
    outer loop
      vertex 60.7528 14.4666 1.2
      vertex 50 10.3 1.2
      vertex 60.9393 14.2393 1.2
    endloop
  endfacet
  facet normal 0 0 1
    outer loop
      vertex 60.9393 14.2393 1.2
      vertex 50 10.3 1.2
      vertex 61.1666 14.0528 1.2
    endloop
  endfacet
  facet normal 0 0 1
    outer loop
      vertex 61.426 13.9142 1.2
      vertex 50 10.3 1.2
      vertex 66 10.3 1.2
    endloop
  endfacet
  facet normal -0 0 1
    outer loop
      vertex 100.75 29.3 1.2
      vertex 101.55 21.3 1.2
      vertex 101.55 29.3 1.2
    endloop
  endfacet
  facet normal 0 0 1
    outer loop
      vertex 101.55 21.3 1.2
      vertex 100.75 29.3 1.2
      vertex 100.75 21.3 1.2
    endloop
  endfacet
  facet normal 0 0 1
    outer loop
      vertex 172.65 116.15 1.2
      vertex 174.8 113.3 1.2
      vertex 174.704 114.275 1.2
    endloop
  endfacet
  facet normal 0 0 1
    outer loop
      vertex 174.8 113.3 1.2
      vertex 172.65 116.15 1.2
      vertex 174.8 5.00001 1.2
    endloop
  endfacet
  facet normal 0 0 1
    outer loop
      vertex 172.65 116.15 1.2
      vertex 174.704 114.275 1.2
      vertex 174.419 115.213 1.2
    endloop
  endfacet
  facet normal 0 0 1
    outer loop
      vertex 172.65 2.15 1.2
      vertex 174.8 5.00001 1.2
      vertex 172.65 116.15 1.2
    endloop
  endfacet
  facet normal 0 0 1
    outer loop
      vertex 172.65 116.15 1.2
      vertex 174.419 115.213 1.2
      vertex 173.957 116.078 1.2
    endloop
  endfacet
  facet normal 0 0 1
    outer loop
      vertex 174.8 5.00001 1.2
      vertex 172.65 2.15 1.2
      vertex 174.704 4.02456 1.2
    endloop
  endfacet
  facet normal -0 0 1
    outer loop
      vertex 172.65 116.15 1.2
      vertex 173.957 116.078 1.2
      vertex 173.336 116.836 1.2
    endloop
  endfacet
  facet normal 0 0 1
    outer loop
      vertex 174.704 4.02456 1.2
      vertex 172.65 2.15 1.2
      vertex 174.419 3.08659 1.2
    endloop
  endfacet
  facet normal 0 0 1
    outer loop
      vertex 174.419 3.08659 1.2
      vertex 172.65 2.15 1.2
      vertex 173.957 2.22216 1.2
    endloop
  endfacet
  facet normal 0 0 1
    outer loop
      vertex 172.578 117.457 1.2
      vertex 172.65 116.15 1.2
      vertex 173.336 116.836 1.2
    endloop
  endfacet
  facet normal 0 0 1
    outer loop
      vertex 171.713 117.919 1.2
      vertex 172.65 116.15 1.2
      vertex 172.578 117.457 1.2
    endloop
  endfacet
  facet normal 0 0 1
    outer loop
      vertex 170.775 118.204 1.2
      vertex 172.65 116.15 1.2
      vertex 171.713 117.919 1.2
    endloop
  endfacet
  facet normal 0 0 1
    outer loop
      vertex 169.8 118.3 1.2
      vertex 172.65 116.15 1.2
      vertex 170.775 118.204 1.2
    endloop
  endfacet
  facet normal 0 0 1
    outer loop
      vertex 169.8 118.3 1.2
      vertex 106.4 116.15 1.2
      vertex 172.65 116.15 1.2
    endloop
  endfacet
  facet normal 0 0 1
    outer loop
      vertex 106.4 116.15 1.2
      vertex 91.5 113.5 1.2
      vertex 106.4 114.95 1.2
    endloop
  endfacet
  facet normal 0 0 1
    outer loop
      vertex 83.5 112.7 1.2
      vertex 91.5 112.7 1.2
      vertex 91.5 113.5 1.2
    endloop
  endfacet
  facet normal 0 0 1
    outer loop
      vertex 91.5 112.7 1.2
      vertex 83.5 112.7 1.2
      vertex 91.5 81.7 1.2
    endloop
  endfacet
  facet normal 0 0 1
    outer loop
      vertex 83.5 112.7 1.2
      vertex 91.5 113.5 1.2
      vertex 83.5 113.5 1.2
    endloop
  endfacet
  facet normal 0 0 1
    outer loop
      vertex 106.4 116.15 1.2
      vertex 83.5 113.5 1.2
      vertex 91.5 113.5 1.2
    endloop
  endfacet
  facet normal 0 0 1
    outer loop
      vertex 106.4 116.15 1.2
      vertex 68.4 116.15 1.2
      vertex 83.5 113.5 1.2
    endloop
  endfacet
  facet normal 0 0 1
    outer loop
      vertex 169.8 118.3 1.2
      vertex 68.4 116.15 1.2
      vertex 106.4 116.15 1.2
    endloop
  endfacet
  facet normal -0 0 1
    outer loop
      vertex 5 118.3 1.2
      vertex 68.4 116.15 1.2
      vertex 169.8 118.3 1.2
    endloop
  endfacet
  facet normal 0 0 1
    outer loop
      vertex 2.15 116.15 1.2
      vertex 5 118.3 1.2
      vertex 4.02455 118.204 1.2
    endloop
  endfacet
  facet normal 0 0 1
    outer loop
      vertex 2.15 116.15 1.2
      vertex 4.02455 118.204 1.2
      vertex 3.08658 117.919 1.2
    endloop
  endfacet
  facet normal 0 0 1
    outer loop
      vertex 2.15 116.15 1.2
      vertex 3.08658 117.919 1.2
      vertex 2.22215 117.457 1.2
    endloop
  endfacet
  facet normal 0 0 1
    outer loop
      vertex 5 118.3 1.2
      vertex 2.15 116.15 1.2
      vertex 68.4 116.15 1.2
    endloop
  endfacet
  facet normal 0 0 1
    outer loop
      vertex 0.842651 116.078 1.2
      vertex 2.15 116.15 1.2
      vertex 1.46446 116.836 1.2
    endloop
  endfacet
  facet normal -0 0 1
    outer loop
      vertex 1.46446 116.836 1.2
      vertex 2.15 116.15 1.2
      vertex 2.22215 117.457 1.2
    endloop
  endfacet
  facet normal 0 0 1
    outer loop
      vertex 173.957 2.22216 1.2
      vertex 172.65 2.15 1.2
      vertex 173.336 1.46447 1.2
    endloop
  endfacet
  facet normal 0 0 1
    outer loop
      vertex 172.65 2.15 1.2
      vertex 172.578 0.842664 1.2
      vertex 173.336 1.46447 1.2
    endloop
  endfacet
  facet normal 0 0 1
    outer loop
      vertex 172.65 2.15 1.2
      vertex 171.713 0.380612 1.2
      vertex 172.578 0.842664 1.2
    endloop
  endfacet
  facet normal 0 0 1
    outer loop
      vertex 172.65 2.15 1.2
      vertex 170.775 0.0960815 1.2
      vertex 171.713 0.380612 1.2
    endloop
  endfacet
  facet normal 0 0 1
    outer loop
      vertex 172.65 2.15 1.2
      vertex 169.8 1.2207e-05 1.2
      vertex 170.775 0.0960815 1.2
    endloop
  endfacet
  facet normal 0 0 1
    outer loop
      vertex 172.65 2.15 1.2
      vertex 5 1.2207e-05 1.2
      vertex 169.8 1.2207e-05 1.2
    endloop
  endfacet
  facet normal -0 0 1
    outer loop
      vertex 2.15 2.15 1.2
      vertex 5 1.2207e-05 1.2
      vertex 172.65 2.15 1.2
    endloop
  endfacet
  facet normal 0 0 1
    outer loop
      vertex 5 1.2207e-05 1.2
      vertex 2.15 2.15 1.2
      vertex 4.02455 0.0960815 1.2
    endloop
  endfacet
  facet normal 0 0 1
    outer loop
      vertex 4.02455 0.0960815 1.2
      vertex 2.15 2.15 1.2
      vertex 3.08658 0.380612 1.2
    endloop
  endfacet
  facet normal 0 0 1
    outer loop
      vertex 3.08658 0.380612 1.2
      vertex 2.15 2.15 1.2
      vertex 2.22215 0.842664 1.2
    endloop
  endfacet
  facet normal 0 0 1
    outer loop
      vertex 2.15 2.15 1.2
      vertex 1.46446 1.46447 1.2
      vertex 2.22215 0.842664 1.2
    endloop
  endfacet
  facet normal 0 0 1
    outer loop
      vertex 2.15 116.15 1.2
      vertex 0 113.3 1.2
      vertex 2.15 2.15 1.2
    endloop
  endfacet
  facet normal 0 0 1
    outer loop
      vertex 0.3806 115.213 1.2
      vertex 2.15 116.15 1.2
      vertex 0.842651 116.078 1.2
    endloop
  endfacet
  facet normal -0 0 1
    outer loop
      vertex 0 5.00001 1.2
      vertex 2.15 2.15 1.2
      vertex 0 113.3 1.2
    endloop
  endfacet
  facet normal 0 0 1
    outer loop
      vertex 0.0960693 114.275 1.2
      vertex 2.15 116.15 1.2
      vertex 0.3806 115.213 1.2
    endloop
  endfacet
  facet normal -0 -0 1
    outer loop
      vertex 0.0960693 4.02456 1.2
      vertex 2.15 2.15 1.2
      vertex 0 5.00001 1.2
    endloop
  endfacet
  facet normal 0 0 1
    outer loop
      vertex 2.15 116.15 1.2
      vertex 0.0960693 114.275 1.2
      vertex 0 113.3 1.2
    endloop
  endfacet
  facet normal 0 0 1
    outer loop
      vertex 2.15 2.15 1.2
      vertex 0.842651 2.22216 1.2
      vertex 1.46446 1.46447 1.2
    endloop
  endfacet
  facet normal 0 0 1
    outer loop
      vertex 2.15 2.15 1.2
      vertex 0.3806 3.08659 1.2
      vertex 0.842651 2.22216 1.2
    endloop
  endfacet
  facet normal 0 0 1
    outer loop
      vertex 2.15 2.15 1.2
      vertex 0.0960693 4.02456 1.2
      vertex 0.3806 3.08659 1.2
    endloop
  endfacet
  facet normal -0 0 1
    outer loop
      vertex 91.5 112.7 1.2
      vertex 120.4 101.2 1.2
      vertex 120.4 112.7 1.2
    endloop
  endfacet
  facet normal 0 0 1
    outer loop
      vertex 120.4 101.2 1.2
      vertex 91.5 112.7 1.2
      vertex 120.4 93.2 1.2
    endloop
  endfacet
  facet normal 0 0 1
    outer loop
      vertex 91.5 81.7 1.2
      vertex 120.4 93.2 1.2
      vertex 91.5 112.7 1.2
    endloop
  endfacet
  facet normal 0 0 1
    outer loop
      vertex 120.4 93.2 1.2
      vertex 91.5 81.7 1.2
      vertex 120.4 81.7 1.2
    endloop
  endfacet
  facet normal -0 0 1
    outer loop
      vertex 120.4 101.2 1.2
      vertex 121.2 93.2 1.2
      vertex 121.2 101.2 1.2
    endloop
  endfacet
  facet normal 0 0 1
    outer loop
      vertex 121.2 93.2 1.2
      vertex 120.4 101.2 1.2
      vertex 120.4 93.2 1.2
    endloop
  endfacet
  facet normal 0 0 1
    outer loop
      vertex 101.55 29.3 1.2
      vertex 132.45 38.7 1.2
      vertex 101.55 38.7 1.2
    endloop
  endfacet
  facet normal 0 0 1
    outer loop
      vertex 132.45 38.7 1.2
      vertex 101.55 29.3 1.2
      vertex 132.45 11.9 1.2
    endloop
  endfacet
  facet normal -0 0 1
    outer loop
      vertex 101.55 21.3 1.2
      vertex 132.45 11.9 1.2
      vertex 101.55 29.3 1.2
    endloop
  endfacet
  facet normal 0 0 1
    outer loop
      vertex 132.45 11.9 1.2
      vertex 101.55 21.3 1.2
      vertex 101.55 11.9 1.2
    endloop
  endfacet
  facet normal -0 0 1
    outer loop
      vertex 144.75 67.8 1.2
      vertex 145.55 59.8 1.2
      vertex 145.55 67.8 1.2
    endloop
  endfacet
  facet normal 0 0 1
    outer loop
      vertex 145.55 59.8 1.2
      vertex 144.75 67.8 1.2
      vertex 144.75 59.8 1.2
    endloop
  endfacet
  facet normal 0 0 1
    outer loop
      vertex 145.55 67.8 1.2
      vertex 154.45 73.7 1.2
      vertex 145.55 73.7 1.2
    endloop
  endfacet
  facet normal 0 0 1
    outer loop
      vertex 154.45 73.7 1.2
      vertex 145.55 67.8 1.2
      vertex 154.45 53.9 1.2
    endloop
  endfacet
  facet normal -0 0 1
    outer loop
      vertex 145.55 59.8 1.2
      vertex 154.45 53.9 1.2
      vertex 145.55 67.8 1.2
    endloop
  endfacet
  facet normal 0 0 1
    outer loop
      vertex 154.45 53.9 1.2
      vertex 145.55 59.8 1.2
      vertex 145.55 53.9 1.2
    endloop
  endfacet
  facet normal 0 0 1
    outer loop
      vertex 171.45 114.95 1.2
      vertex 162.45 74.5 1.2
      vertex 171.45 74.5 1.2
    endloop
  endfacet
  facet normal 0 0 1
    outer loop
      vertex 154.45 73.7 1.2
      vertex 162.45 73.7 1.2
      vertex 162.45 74.5 1.2
    endloop
  endfacet
  facet normal 0 0 1
    outer loop
      vertex 162.45 73.7 1.2
      vertex 154.45 73.7 1.2
      vertex 162.45 53.9 1.2
    endloop
  endfacet
  facet normal 0 0 1
    outer loop
      vertex 154.45 73.7 1.2
      vertex 162.45 74.5 1.2
      vertex 154.45 74.5 1.2
    endloop
  endfacet
  facet normal 0 0 1
    outer loop
      vertex 171.45 114.95 1.2
      vertex 154.45 74.5 1.2
      vertex 162.45 74.5 1.2
    endloop
  endfacet
  facet normal 0 0 1
    outer loop
      vertex 171.45 114.95 1.2
      vertex 144.75 74.5 1.2
      vertex 154.45 74.5 1.2
    endloop
  endfacet
  facet normal 0 0 1
    outer loop
      vertex 121.2 80.9 1.2
      vertex 144.75 67.8 1.2
      vertex 144.75 74.5 1.2
    endloop
  endfacet
  facet normal 0 0 1
    outer loop
      vertex 144.75 67.8 1.2
      vertex 121.2 80.9 1.2
      vertex 144.75 59.8 1.2
    endloop
  endfacet
  facet normal 0 -0 1
    outer loop
      vertex 132.45 39.5 1.2
      vertex 144.75 59.8 1.2
      vertex 121.2 80.9 1.2
    endloop
  endfacet
  facet normal 0 0 1
    outer loop
      vertex 132.45 38.7 1.2
      vertex 140.45 38.7 1.2
      vertex 140.45 39.5 1.2
    endloop
  endfacet
  facet normal 0 0 1
    outer loop
      vertex 140.45 38.7 1.2
      vertex 132.45 38.7 1.2
      vertex 140.45 11.9 1.2
    endloop
  endfacet
  facet normal 0 0 1
    outer loop
      vertex 132.45 38.7 1.2
      vertex 140.45 39.5 1.2
      vertex 132.45 39.5 1.2
    endloop
  endfacet
  facet normal 0 0 1
    outer loop
      vertex 144.75 53.1 1.2
      vertex 132.45 39.5 1.2
      vertex 140.45 39.5 1.2
    endloop
  endfacet
  facet normal 0 0 1
    outer loop
      vertex 171.45 114.95 1.2
      vertex 121.2 101.2 1.2
      vertex 144.75 74.5 1.2
    endloop
  endfacet
  facet normal 0 0 1
    outer loop
      vertex 121.2 101.2 1.2
      vertex 171.45 114.95 1.2
      vertex 121.2 113.5 1.2
    endloop
  endfacet
  facet normal -0 0 1
    outer loop
      vertex 106.4 114.95 1.2
      vertex 121.2 113.5 1.2
      vertex 171.45 114.95 1.2
    endloop
  endfacet
  facet normal 0 0 1
    outer loop
      vertex 121.2 113.5 1.2
      vertex 106.4 114.95 1.2
      vertex 91.5 113.5 1.2
    endloop
  endfacet
  facet normal -0 0 1
    outer loop
      vertex 162.45 73.7 1.2
      vertex 171.35 67.8 1.2
      vertex 171.35 73.7 1.2
    endloop
  endfacet
  facet normal 0 0 1
    outer loop
      vertex 171.35 67.8 1.2
      vertex 162.45 73.7 1.2
      vertex 171.35 59.8 1.2
    endloop
  endfacet
  facet normal 0 0 1
    outer loop
      vertex 162.45 53.9 1.2
      vertex 171.35 59.8 1.2
      vertex 162.45 73.7 1.2
    endloop
  endfacet
  facet normal 0 0 1
    outer loop
      vertex 171.35 59.8 1.2
      vertex 162.45 53.9 1.2
      vertex 171.35 53.9 1.2
    endloop
  endfacet
  facet normal -0 0 1
    outer loop
      vertex 171.35 67.8 1.2
      vertex 171.45 59.8 1.2
      vertex 171.45 67.8 1.2
    endloop
  endfacet
  facet normal 0 0 1
    outer loop
      vertex 171.45 59.8 1.2
      vertex 171.35 67.8 1.2
      vertex 171.35 59.8 1.2
    endloop
  endfacet
  facet normal -0 0 1
    outer loop
      vertex 162.45 53.1 1.2
      vertex 171.45 39.5 1.2
      vertex 171.45 53.1 1.2
    endloop
  endfacet
  facet normal 0 0 1
    outer loop
      vertex 154.45 53.9 1.2
      vertex 162.45 53.9 1.2
      vertex 154.45 73.7 1.2
    endloop
  endfacet
  facet normal 0 0 1
    outer loop
      vertex 162.45 53.9 1.2
      vertex 154.45 53.9 1.2
      vertex 162.45 53.1 1.2
    endloop
  endfacet
  facet normal 0 0 1
    outer loop
      vertex 154.45 53.1 1.2
      vertex 162.45 53.1 1.2
      vertex 154.45 53.9 1.2
    endloop
  endfacet
  facet normal 0 0 1
    outer loop
      vertex 162.45 53.1 1.2
      vertex 154.45 53.1 1.2
      vertex 171.45 39.5 1.2
    endloop
  endfacet
  facet normal 0 0 1
    outer loop
      vertex 140.45 39.5 1.2
      vertex 154.45 53.1 1.2
      vertex 144.75 53.1 1.2
    endloop
  endfacet
  facet normal 0 0 1
    outer loop
      vertex 154.45 53.1 1.2
      vertex 140.45 39.5 1.2
      vertex 171.45 39.5 1.2
    endloop
  endfacet
  facet normal -0 0 1
    outer loop
      vertex 140.45 38.7 1.2
      vertex 171.35 29.3 1.2
      vertex 171.35 38.7 1.2
    endloop
  endfacet
  facet normal 0 0 1
    outer loop
      vertex 171.35 29.3 1.2
      vertex 140.45 38.7 1.2
      vertex 171.35 21.3 1.2
    endloop
  endfacet
  facet normal 0 0 1
    outer loop
      vertex 140.45 11.9 1.2
      vertex 171.35 21.3 1.2
      vertex 140.45 38.7 1.2
    endloop
  endfacet
  facet normal 0 0 1
    outer loop
      vertex 171.35 21.3 1.2
      vertex 140.45 11.9 1.2
      vertex 171.35 11.9 1.2
    endloop
  endfacet
  facet normal -0 0 1
    outer loop
      vertex 171.35 29.3 1.2
      vertex 171.45 21.3 1.2
      vertex 171.45 29.3 1.2
    endloop
  endfacet
  facet normal 0 0 1
    outer loop
      vertex 171.45 21.3 1.2
      vertex 171.35 29.3 1.2
      vertex 171.35 21.3 1.2
    endloop
  endfacet
  facet normal -0 0 1
    outer loop
      vertex 140.45 11.1 1.2
      vertex 171.45 3.35 1.2
      vertex 171.45 11.1 1.2
    endloop
  endfacet
  facet normal 0 0 1
    outer loop
      vertex 132.45 11.9 1.2
      vertex 140.45 11.9 1.2
      vertex 132.45 38.7 1.2
    endloop
  endfacet
  facet normal 0 0 1
    outer loop
      vertex 140.45 11.9 1.2
      vertex 132.45 11.9 1.2
      vertex 140.45 11.1 1.2
    endloop
  endfacet
  facet normal 0 0 1
    outer loop
      vertex 132.45 11.1 1.2
      vertex 140.45 11.1 1.2
      vertex 132.45 11.9 1.2
    endloop
  endfacet
  facet normal 0 0 1
    outer loop
      vertex 140.45 11.1 1.2
      vertex 132.45 11.1 1.2
      vertex 171.45 3.35 1.2
    endloop
  endfacet
  facet normal -0 0 1
    outer loop
      vertex 100.75 11.1 1.2
      vertex 171.45 3.35 1.2
      vertex 132.45 11.1 1.2
    endloop
  endfacet
  facet normal 0 0 1
    outer loop
      vertex 83.5 81.7 1.2
      vertex 91.5 81.7 1.2
      vertex 83.5 112.7 1.2
    endloop
  endfacet
  facet normal 0 0 1
    outer loop
      vertex 91.5 81.7 1.2
      vertex 83.5 81.7 1.2
      vertex 91.5 80.9 1.2
    endloop
  endfacet
  facet normal 0 0 1
    outer loop
      vertex 83.5 80.9 1.2
      vertex 91.5 80.9 1.2
      vertex 83.5 81.7 1.2
    endloop
  endfacet
  facet normal 0 0 1
    outer loop
      vertex 61.2 55.3 1.2
      vertex 91.5 80.9 1.2
      vertex 83.5 80.9 1.2
    endloop
  endfacet
  facet normal 0 0 1
    outer loop
      vertex 100.75 29.3 1.2
      vertex 67 21.3 1.2
      vertex 100.75 21.3 1.2
    endloop
  endfacet
  facet normal 0 0 1
    outer loop
      vertex 67 9.3 1.2
      vertex 100.75 11.1 1.2
      vertex 67 21.3 1.2
    endloop
  endfacet
  facet normal 0 0 1
    outer loop
      vertex 66 4.3 1.2
      vertex 100.75 11.1 1.2
      vertex 67 9.3 1.2
    endloop
  endfacet
  facet normal 0 0 1
    outer loop
      vertex 66 4.3 1.2
      vertex 67 9.3 1.2
      vertex 66 7.3 1.2
    endloop
  endfacet
  facet normal 0 0 1
    outer loop
      vertex 100.75 11.1 1.2
      vertex 66 4.3 1.2
      vertex 171.45 3.35 1.2
    endloop
  endfacet
  facet normal -0 0 1
    outer loop
      vertex 58 4.3 1.2
      vertex 171.45 3.35 1.2
      vertex 66 4.3 1.2
    endloop
  endfacet
  facet normal 0 0 1
    outer loop
      vertex 31 33.9 1.2
      vertex 39 33.9 1.2
      vertex 31 68.7 1.2
    endloop
  endfacet
  facet normal 0 0 1
    outer loop
      vertex 39 33.9 1.2
      vertex 31 33.9 1.2
      vertex 39 33.1 1.2
    endloop
  endfacet
  facet normal 0 0 1
    outer loop
      vertex 31 33.1 1.2
      vertex 39 33.1 1.2
      vertex 31 33.9 1.2
    endloop
  endfacet
  facet normal 0 0 1
    outer loop
      vertex 50 10.3 1.2
      vertex 31 33.1 1.2
      vertex 50 9.3 1.2
    endloop
  endfacet
  facet normal 0 0 1
    outer loop
      vertex 3.35 3.35 1.2
      vertex 31 33.1 1.2
      vertex 8.8 33.1 1.2
    endloop
  endfacet
  facet normal 0 0 1
    outer loop
      vertex 31 33.1 1.2
      vertex 3.35 3.35 1.2
      vertex 50 9.3 1.2
    endloop
  endfacet
  facet normal 0 0 1
    outer loop
      vertex 58 4.3 1.2
      vertex 3.35 3.35 1.2
      vertex 171.45 3.35 1.2
    endloop
  endfacet
  facet normal 0 0 1
    outer loop
      vertex 50 9.3 1.2
      vertex 3.35 3.35 1.2
      vertex 58 4.3 1.2
    endloop
  endfacet
  facet normal 0 0 1
    outer loop
      vertex 8.8 47.3 1.2
      vertex 3.35 3.35 1.2
      vertex 8.8 33.1 1.2
    endloop
  endfacet
  facet normal -0 0 1
    outer loop
      vertex 121.2 93.2 1.2
      vertex 144.75 74.5 1.2
      vertex 121.2 101.2 1.2
    endloop
  endfacet
  facet normal -0 0 1
    outer loop
      vertex 121.2 80.9 1.2
      vertex 144.75 74.5 1.2
      vertex 121.2 93.2 1.2
    endloop
  endfacet
  facet normal 0 0 1
    outer loop
      vertex 144.75 59.8 1.2
      vertex 132.45 39.5 1.2
      vertex 144.75 53.1 1.2
    endloop
  endfacet
  facet normal 0 0 1
    outer loop
      vertex 121.2 80.9 1.2
      vertex 100.75 39.5 1.2
      vertex 132.45 39.5 1.2
    endloop
  endfacet
  facet normal 0 0 1
    outer loop
      vertex 66 26.3 1.2
      vertex 100.75 39.5 1.2
      vertex 91.5 80.9 1.2
    endloop
  endfacet
  facet normal 0 0 1
    outer loop
      vertex 100.75 39.5 1.2
      vertex 66 26.3 1.2
      vertex 100.75 29.3 1.2
    endloop
  endfacet
  facet normal 0 -0 1
    outer loop
      vertex 67 21.3 1.2
      vertex 100.75 29.3 1.2
      vertex 66 26.3 1.2
    endloop
  endfacet
  facet normal -0 0 1
    outer loop
      vertex 91.5 80.9 1.2
      vertex 100.75 39.5 1.2
      vertex 121.2 80.9 1.2
    endloop
  endfacet
  facet normal 1 -0 0
    outer loop
      vertex 68.4 114.95 7.2
      vertex 68.4 116.15 1.2
      vertex 68.4 116.15 7.2
    endloop
  endfacet
  facet normal 1 0 0
    outer loop
      vertex 68.4 116.15 1.2
      vertex 68.4 114.95 7.2
      vertex 68.4 114.95 1.2
    endloop
  endfacet
  facet normal 0 0.994786 0.101986
    outer loop
      vertex 39 116.6 3.3
      vertex 25 116.588 3.41705
      vertex 39 116.588 3.41705
    endloop
  endfacet
  facet normal 0 0.994786 0.101986
    outer loop
      vertex 25 116.588 3.41705
      vertex 39 116.6 3.3
      vertex 25 116.6 3.3
    endloop
  endfacet
  facet normal 0 0.474023 -0.880512
    outer loop
      vertex 25 116.23 2.74567
      vertex 39 116.333 2.80112
      vertex 39 116.23 2.74567
    endloop
  endfacet
  facet normal 0 0.474023 -0.880512
    outer loop
      vertex 39 116.333 2.80112
      vertex 25 116.23 2.74567
      vertex 25 116.333 2.80112
    endloop
  endfacet
  facet normal 0 0.994786 -0.101986
    outer loop
      vertex 39 116.588 3.18295
      vertex 25 116.6 3.3
      vertex 39 116.6 3.3
    endloop
  endfacet
  facet normal 0 0.994786 -0.101986
    outer loop
      vertex 25 116.6 3.3
      vertex 39 116.588 3.18295
      vertex 25 116.588 3.18295
    endloop
  endfacet
  facet normal 0 0.771411 -0.636338
    outer loop
      vertex 39 116.424 2.87574
      vertex 25 116.499 2.96666
      vertex 39 116.499 2.96666
    endloop
  endfacet
  facet normal 0 0.771411 -0.636338
    outer loop
      vertex 25 116.499 2.96666
      vertex 39 116.424 2.87574
      vertex 25 116.424 2.87574
    endloop
  endfacet
  facet normal 0 0.957282 0.289158
    outer loop
      vertex 39 116.588 3.41705
      vertex 25 116.554 3.52961
      vertex 39 116.554 3.52961
    endloop
  endfacet
  facet normal 0 0.957282 0.289158
    outer loop
      vertex 25 116.554 3.52961
      vertex 39 116.588 3.41705
      vertex 25 116.588 3.41705
    endloop
  endfacet
  facet normal 0 0.771411 0.636338
    outer loop
      vertex 39 116.499 3.63334
      vertex 25 116.424 3.72426
      vertex 39 116.424 3.72426
    endloop
  endfacet
  facet normal 0 0.771411 0.636338
    outer loop
      vertex 25 116.424 3.72426
      vertex 39 116.499 3.63334
      vertex 25 116.499 3.63334
    endloop
  endfacet
  facet normal 1 0 0
    outer loop
      vertex 39 116.588 3.41705
      vertex 39 116.588 3.18295
      vertex 39 116.6 3.3
    endloop
  endfacet
  facet normal 1 0 0
    outer loop
      vertex 39 116.554 3.52961
      vertex 39 116.588 3.18295
      vertex 39 116.588 3.41705
    endloop
  endfacet
  facet normal 1 0 0
    outer loop
      vertex 39 116.554 3.52961
      vertex 39 116.554 3.07039
      vertex 39 116.588 3.18295
    endloop
  endfacet
  facet normal 1 0 0
    outer loop
      vertex 39 116.499 3.63334
      vertex 39 116.554 3.07039
      vertex 39 116.554 3.52961
    endloop
  endfacet
  facet normal 1 0 0
    outer loop
      vertex 39 116.499 3.63334
      vertex 39 116.499 2.96666
      vertex 39 116.554 3.07039
    endloop
  endfacet
  facet normal 1 0 0
    outer loop
      vertex 39 116.424 3.72426
      vertex 39 116.499 2.96666
      vertex 39 116.499 3.63334
    endloop
  endfacet
  facet normal 1 0 0
    outer loop
      vertex 39 116.424 3.72426
      vertex 39 116.424 2.87574
      vertex 39 116.499 2.96666
    endloop
  endfacet
  facet normal 1 0 0
    outer loop
      vertex 39 116.15 3.87848
      vertex 39 116.424 3.72426
      vertex 39 116.333 3.79888
    endloop
  endfacet
  facet normal 1 0 0
    outer loop
      vertex 39 116.424 3.72426
      vertex 39 116.15 3.87848
      vertex 39 116.424 2.87574
    endloop
  endfacet
  facet normal 1 0 0
    outer loop
      vertex 39 116.15 3.87848
      vertex 39 116.333 3.79888
      vertex 39 116.23 3.85433
    endloop
  endfacet
  facet normal 1 0 0
    outer loop
      vertex 39 116.15 2.72152
      vertex 39 116.424 2.87574
      vertex 39 116.15 3.87848
    endloop
  endfacet
  facet normal 1 0 0
    outer loop
      vertex 39 116.424 2.87574
      vertex 39 116.15 2.72152
      vertex 39 116.333 2.80112
    endloop
  endfacet
  facet normal 1 0 0
    outer loop
      vertex 39 116.333 2.80112
      vertex 39 116.15 2.72152
      vertex 39 116.23 2.74567
    endloop
  endfacet
  facet normal 0 0.883491 0.468447
    outer loop
      vertex 39 116.554 3.52961
      vertex 25 116.499 3.63334
      vertex 39 116.499 3.63334
    endloop
  endfacet
  facet normal 0 0.883491 0.468447
    outer loop
      vertex 25 116.499 3.63334
      vertex 39 116.554 3.52961
      vertex 25 116.554 3.52961
    endloop
  endfacet
  facet normal 0 0.883491 -0.468447
    outer loop
      vertex 39 116.499 2.96666
      vertex 25 116.554 3.07039
      vertex 39 116.554 3.07039
    endloop
  endfacet
  facet normal 0 0.883491 -0.468447
    outer loop
      vertex 25 116.554 3.07039
      vertex 39 116.499 2.96666
      vertex 25 116.499 2.96666
    endloop
  endfacet
  facet normal -0 0.288994 0.957331
    outer loop
      vertex 25 116.23 3.85433
      vertex 39 116.15 3.87848
      vertex 39 116.23 3.85433
    endloop
  endfacet
  facet normal 0 0.288994 0.957331
    outer loop
      vertex 39 116.15 3.87848
      vertex 25 116.23 3.85433
      vertex 25 116.15 3.87848
    endloop
  endfacet
  facet normal 0 0.957282 -0.289158
    outer loop
      vertex 39 116.554 3.07039
      vertex 25 116.588 3.18295
      vertex 39 116.588 3.18295
    endloop
  endfacet
  facet normal 0 0.957282 -0.289158
    outer loop
      vertex 25 116.588 3.18295
      vertex 39 116.554 3.07039
      vertex 25 116.554 3.07039
    endloop
  endfacet
  facet normal -0 0.63408 0.773268
    outer loop
      vertex 25 116.424 3.72426
      vertex 39 116.333 3.79888
      vertex 39 116.424 3.72426
    endloop
  endfacet
  facet normal 0 0.63408 0.773268
    outer loop
      vertex 39 116.333 3.79888
      vertex 25 116.424 3.72426
      vertex 25 116.333 3.79888
    endloop
  endfacet
  facet normal -0 0.474023 0.880512
    outer loop
      vertex 25 116.333 3.79888
      vertex 39 116.23 3.85433
      vertex 39 116.333 3.79888
    endloop
  endfacet
  facet normal 0 0.474023 0.880512
    outer loop
      vertex 39 116.23 3.85433
      vertex 25 116.333 3.79888
      vertex 25 116.23 3.85433
    endloop
  endfacet
  facet normal 0 0.288994 -0.957331
    outer loop
      vertex 25 116.15 2.72152
      vertex 39 116.23 2.74567
      vertex 39 116.15 2.72152
    endloop
  endfacet
  facet normal 0 0.288994 -0.957331
    outer loop
      vertex 39 116.23 2.74567
      vertex 25 116.15 2.72152
      vertex 25 116.23 2.74567
    endloop
  endfacet
  facet normal 0 0.63408 -0.773268
    outer loop
      vertex 25 116.333 2.80112
      vertex 39 116.424 2.87574
      vertex 39 116.333 2.80112
    endloop
  endfacet
  facet normal 0 0.63408 -0.773268
    outer loop
      vertex 39 116.424 2.87574
      vertex 25 116.333 2.80112
      vertex 25 116.424 2.87574
    endloop
  endfacet
  facet normal -1 0 0
    outer loop
      vertex 25 116.588 3.18295
      vertex 25 116.588 3.41705
      vertex 25 116.6 3.3
    endloop
  endfacet
  facet normal -1 0 0
    outer loop
      vertex 25 116.554 3.07039
      vertex 25 116.588 3.41705
      vertex 25 116.588 3.18295
    endloop
  endfacet
  facet normal -1 0 0
    outer loop
      vertex 25 116.554 3.07039
      vertex 25 116.554 3.52961
      vertex 25 116.588 3.41705
    endloop
  endfacet
  facet normal -1 0 0
    outer loop
      vertex 25 116.499 2.96666
      vertex 25 116.554 3.52961
      vertex 25 116.554 3.07039
    endloop
  endfacet
  facet normal -1 0 0
    outer loop
      vertex 25 116.499 2.96666
      vertex 25 116.499 3.63334
      vertex 25 116.554 3.52961
    endloop
  endfacet
  facet normal -1 0 0
    outer loop
      vertex 25 116.424 2.87574
      vertex 25 116.499 3.63334
      vertex 25 116.499 2.96666
    endloop
  endfacet
  facet normal -1 0 0
    outer loop
      vertex 25 116.424 2.87574
      vertex 25 116.424 3.72426
      vertex 25 116.499 3.63334
    endloop
  endfacet
  facet normal -1 0 0
    outer loop
      vertex 25 116.15 2.72152
      vertex 25 116.424 2.87574
      vertex 25 116.333 2.80112
    endloop
  endfacet
  facet normal -1 -0 0
    outer loop
      vertex 25 116.424 2.87574
      vertex 25 116.15 2.72152
      vertex 25 116.424 3.72426
    endloop
  endfacet
  facet normal -1 0 0
    outer loop
      vertex 25 116.15 2.72152
      vertex 25 116.333 2.80112
      vertex 25 116.23 2.74567
    endloop
  endfacet
  facet normal -1 0 0
    outer loop
      vertex 25 116.15 3.87848
      vertex 25 116.424 3.72426
      vertex 25 116.15 2.72152
    endloop
  endfacet
  facet normal -1 0 0
    outer loop
      vertex 25 116.424 3.72426
      vertex 25 116.15 3.87848
      vertex 25 116.333 3.79888
    endloop
  endfacet
  facet normal -1 0 0
    outer loop
      vertex 25 116.333 3.79888
      vertex 25 116.15 3.87848
      vertex 25 116.23 3.85433
    endloop
  endfacet
  facet normal 0 0.994786 0.101986
    outer loop
      vertex 149.8 116.6 3.3
      vertex 135.8 116.588 3.41705
      vertex 149.8 116.588 3.41705
    endloop
  endfacet
  facet normal 0 0.994786 0.101986
    outer loop
      vertex 135.8 116.588 3.41705
      vertex 149.8 116.6 3.3
      vertex 135.8 116.6 3.3
    endloop
  endfacet
  facet normal 0 0.474023 -0.880512
    outer loop
      vertex 135.8 116.23 2.74567
      vertex 149.8 116.333 2.80112
      vertex 149.8 116.23 2.74567
    endloop
  endfacet
  facet normal 0 0.474023 -0.880512
    outer loop
      vertex 149.8 116.333 2.80112
      vertex 135.8 116.23 2.74567
      vertex 135.8 116.333 2.80112
    endloop
  endfacet
  facet normal 0 0.994786 -0.101986
    outer loop
      vertex 149.8 116.588 3.18295
      vertex 135.8 116.6 3.3
      vertex 149.8 116.6 3.3
    endloop
  endfacet
  facet normal 0 0.994786 -0.101986
    outer loop
      vertex 135.8 116.6 3.3
      vertex 149.8 116.588 3.18295
      vertex 135.8 116.588 3.18295
    endloop
  endfacet
  facet normal 0 0.771411 -0.636338
    outer loop
      vertex 149.8 116.424 2.87574
      vertex 135.8 116.499 2.96666
      vertex 149.8 116.499 2.96666
    endloop
  endfacet
  facet normal 0 0.771411 -0.636338
    outer loop
      vertex 135.8 116.499 2.96666
      vertex 149.8 116.424 2.87574
      vertex 135.8 116.424 2.87574
    endloop
  endfacet
  facet normal 0 0.957282 0.289158
    outer loop
      vertex 149.8 116.588 3.41705
      vertex 135.8 116.554 3.52961
      vertex 149.8 116.554 3.52961
    endloop
  endfacet
  facet normal 0 0.957282 0.289158
    outer loop
      vertex 135.8 116.554 3.52961
      vertex 149.8 116.588 3.41705
      vertex 135.8 116.588 3.41705
    endloop
  endfacet
  facet normal 0 0.771411 0.636338
    outer loop
      vertex 149.8 116.499 3.63334
      vertex 135.8 116.424 3.72426
      vertex 149.8 116.424 3.72426
    endloop
  endfacet
  facet normal 0 0.771411 0.636338
    outer loop
      vertex 135.8 116.424 3.72426
      vertex 149.8 116.499 3.63334
      vertex 135.8 116.499 3.63334
    endloop
  endfacet
  facet normal 1 0 0
    outer loop
      vertex 149.8 116.588 3.41705
      vertex 149.8 116.588 3.18295
      vertex 149.8 116.6 3.3
    endloop
  endfacet
  facet normal 1 0 0
    outer loop
      vertex 149.8 116.554 3.52961
      vertex 149.8 116.588 3.18295
      vertex 149.8 116.588 3.41705
    endloop
  endfacet
  facet normal 1 0 0
    outer loop
      vertex 149.8 116.554 3.52961
      vertex 149.8 116.554 3.07039
      vertex 149.8 116.588 3.18295
    endloop
  endfacet
  facet normal 1 0 0
    outer loop
      vertex 149.8 116.499 3.63334
      vertex 149.8 116.554 3.07039
      vertex 149.8 116.554 3.52961
    endloop
  endfacet
  facet normal 1 0 0
    outer loop
      vertex 149.8 116.499 3.63334
      vertex 149.8 116.499 2.96666
      vertex 149.8 116.554 3.07039
    endloop
  endfacet
  facet normal 1 0 0
    outer loop
      vertex 149.8 116.424 3.72426
      vertex 149.8 116.499 2.96666
      vertex 149.8 116.499 3.63334
    endloop
  endfacet
  facet normal 1 0 0
    outer loop
      vertex 149.8 116.424 3.72426
      vertex 149.8 116.424 2.87574
      vertex 149.8 116.499 2.96666
    endloop
  endfacet
  facet normal 1 0 0
    outer loop
      vertex 149.8 116.15 3.87848
      vertex 149.8 116.424 3.72426
      vertex 149.8 116.333 3.79888
    endloop
  endfacet
  facet normal 1 0 0
    outer loop
      vertex 149.8 116.424 3.72426
      vertex 149.8 116.15 3.87848
      vertex 149.8 116.424 2.87574
    endloop
  endfacet
  facet normal 1 0 0
    outer loop
      vertex 149.8 116.15 3.87848
      vertex 149.8 116.333 3.79888
      vertex 149.8 116.23 3.85433
    endloop
  endfacet
  facet normal 1 0 0
    outer loop
      vertex 149.8 116.15 2.72152
      vertex 149.8 116.424 2.87574
      vertex 149.8 116.15 3.87848
    endloop
  endfacet
  facet normal 1 0 0
    outer loop
      vertex 149.8 116.424 2.87574
      vertex 149.8 116.15 2.72152
      vertex 149.8 116.333 2.80112
    endloop
  endfacet
  facet normal 1 0 0
    outer loop
      vertex 149.8 116.333 2.80112
      vertex 149.8 116.15 2.72152
      vertex 149.8 116.23 2.74567
    endloop
  endfacet
  facet normal 0 0.883491 0.468447
    outer loop
      vertex 149.8 116.554 3.52961
      vertex 135.8 116.499 3.63334
      vertex 149.8 116.499 3.63334
    endloop
  endfacet
  facet normal 0 0.883491 0.468447
    outer loop
      vertex 135.8 116.499 3.63334
      vertex 149.8 116.554 3.52961
      vertex 135.8 116.554 3.52961
    endloop
  endfacet
  facet normal 0 0.883491 -0.468447
    outer loop
      vertex 149.8 116.499 2.96666
      vertex 135.8 116.554 3.07039
      vertex 149.8 116.554 3.07039
    endloop
  endfacet
  facet normal 0 0.883491 -0.468447
    outer loop
      vertex 135.8 116.554 3.07039
      vertex 149.8 116.499 2.96666
      vertex 135.8 116.499 2.96666
    endloop
  endfacet
  facet normal -0 0.288994 0.957331
    outer loop
      vertex 135.8 116.23 3.85433
      vertex 149.8 116.15 3.87848
      vertex 149.8 116.23 3.85433
    endloop
  endfacet
  facet normal 0 0.288994 0.957331
    outer loop
      vertex 149.8 116.15 3.87848
      vertex 135.8 116.23 3.85433
      vertex 135.8 116.15 3.87848
    endloop
  endfacet
  facet normal 0 0.957282 -0.289158
    outer loop
      vertex 149.8 116.554 3.07039
      vertex 135.8 116.588 3.18295
      vertex 149.8 116.588 3.18295
    endloop
  endfacet
  facet normal 0 0.957282 -0.289158
    outer loop
      vertex 135.8 116.588 3.18295
      vertex 149.8 116.554 3.07039
      vertex 135.8 116.554 3.07039
    endloop
  endfacet
  facet normal -1 0 0
    outer loop
      vertex 135.8 116.588 3.18295
      vertex 135.8 116.588 3.41705
      vertex 135.8 116.6 3.3
    endloop
  endfacet
  facet normal -1 0 0
    outer loop
      vertex 135.8 116.554 3.07039
      vertex 135.8 116.588 3.41705
      vertex 135.8 116.588 3.18295
    endloop
  endfacet
  facet normal -1 0 0
    outer loop
      vertex 135.8 116.554 3.07039
      vertex 135.8 116.554 3.52961
      vertex 135.8 116.588 3.41705
    endloop
  endfacet
  facet normal -1 0 0
    outer loop
      vertex 135.8 116.499 2.96666
      vertex 135.8 116.554 3.52961
      vertex 135.8 116.554 3.07039
    endloop
  endfacet
  facet normal -1 0 0
    outer loop
      vertex 135.8 116.499 2.96666
      vertex 135.8 116.499 3.63334
      vertex 135.8 116.554 3.52961
    endloop
  endfacet
  facet normal -1 0 0
    outer loop
      vertex 135.8 116.424 2.87574
      vertex 135.8 116.499 3.63334
      vertex 135.8 116.499 2.96666
    endloop
  endfacet
  facet normal -1 0 0
    outer loop
      vertex 135.8 116.424 2.87574
      vertex 135.8 116.424 3.72426
      vertex 135.8 116.499 3.63334
    endloop
  endfacet
  facet normal -1 0 0
    outer loop
      vertex 135.8 116.15 2.72152
      vertex 135.8 116.424 2.87574
      vertex 135.8 116.333 2.80112
    endloop
  endfacet
  facet normal -1 -0 0
    outer loop
      vertex 135.8 116.424 2.87574
      vertex 135.8 116.15 2.72152
      vertex 135.8 116.424 3.72426
    endloop
  endfacet
  facet normal -1 0 0
    outer loop
      vertex 135.8 116.15 2.72152
      vertex 135.8 116.333 2.80112
      vertex 135.8 116.23 2.74567
    endloop
  endfacet
  facet normal -1 0 0
    outer loop
      vertex 135.8 116.15 3.87848
      vertex 135.8 116.424 3.72426
      vertex 135.8 116.15 2.72152
    endloop
  endfacet
  facet normal -1 0 0
    outer loop
      vertex 135.8 116.424 3.72426
      vertex 135.8 116.15 3.87848
      vertex 135.8 116.333 3.79888
    endloop
  endfacet
  facet normal -1 0 0
    outer loop
      vertex 135.8 116.333 3.79888
      vertex 135.8 116.15 3.87848
      vertex 135.8 116.23 3.85433
    endloop
  endfacet
  facet normal -0 0.63408 0.773268
    outer loop
      vertex 135.8 116.424 3.72426
      vertex 149.8 116.333 3.79888
      vertex 149.8 116.424 3.72426
    endloop
  endfacet
  facet normal 0 0.63408 0.773268
    outer loop
      vertex 149.8 116.333 3.79888
      vertex 135.8 116.424 3.72426
      vertex 135.8 116.333 3.79888
    endloop
  endfacet
  facet normal -0 0.474023 0.880512
    outer loop
      vertex 135.8 116.333 3.79888
      vertex 149.8 116.23 3.85433
      vertex 149.8 116.333 3.79888
    endloop
  endfacet
  facet normal 0 0.474023 0.880512
    outer loop
      vertex 149.8 116.23 3.85433
      vertex 135.8 116.333 3.79888
      vertex 135.8 116.23 3.85433
    endloop
  endfacet
  facet normal 0 0.288994 -0.957331
    outer loop
      vertex 135.8 116.15 2.72152
      vertex 149.8 116.23 2.74567
      vertex 149.8 116.15 2.72152
    endloop
  endfacet
  facet normal 0 0.288994 -0.957331
    outer loop
      vertex 149.8 116.23 2.74567
      vertex 135.8 116.15 2.72152
      vertex 135.8 116.23 2.74567
    endloop
  endfacet
  facet normal 0 0.63408 -0.773268
    outer loop
      vertex 135.8 116.333 2.80112
      vertex 149.8 116.424 2.87574
      vertex 149.8 116.333 2.80112
    endloop
  endfacet
  facet normal 0 0.63408 -0.773268
    outer loop
      vertex 149.8 116.424 2.87574
      vertex 135.8 116.333 2.80112
      vertex 135.8 116.424 2.87574
    endloop
  endfacet
  facet normal 0 -0.471431 0.881903
    outer loop
      vertex 25 2.07039 3.85433
      vertex 39 1.96666 3.79888
      vertex 39 2.07039 3.85433
    endloop
  endfacet
  facet normal 0 -0.471431 0.881903
    outer loop
      vertex 39 1.96666 3.79888
      vertex 25 2.07039 3.85433
      vertex 25 1.96666 3.79888
    endloop
  endfacet
  facet normal 0 -0.956951 0.290248
    outer loop
      vertex 25 1.71153 3.41705
      vertex 39 1.74567 3.52961
      vertex 25 1.74567 3.52961
    endloop
  endfacet
  facet normal 0 -0.956951 0.290248
    outer loop
      vertex 39 1.74567 3.52961
      vertex 25 1.71153 3.41705
      vertex 39 1.71153 3.41705
    endloop
  endfacet
  facet normal 0 -0.772994 0.634413
    outer loop
      vertex 25 1.80112 3.63334
      vertex 39 1.87574 3.72426
      vertex 25 1.87574 3.72426
    endloop
  endfacet
  facet normal 0 -0.772994 0.634413
    outer loop
      vertex 39 1.87574 3.72426
      vertex 25 1.80112 3.63334
      vertex 39 1.80112 3.63334
    endloop
  endfacet
  facet normal 0 -0.772994 -0.634413
    outer loop
      vertex 25 1.87574 2.87574
      vertex 39 1.80112 2.96666
      vertex 25 1.80112 2.96666
    endloop
  endfacet
  facet normal 0 -0.772994 -0.634413
    outer loop
      vertex 39 1.80112 2.96666
      vertex 25 1.87574 2.87574
      vertex 39 1.87574 2.87574
    endloop
  endfacet
  facet normal 0 -0.634413 0.772994
    outer loop
      vertex 25 1.96666 3.79888
      vertex 39 1.87574 3.72426
      vertex 39 1.96666 3.79888
    endloop
  endfacet
  facet normal 0 -0.634413 0.772994
    outer loop
      vertex 39 1.87574 3.72426
      vertex 25 1.96666 3.79888
      vertex 25 1.87574 3.72426
    endloop
  endfacet
  facet normal 1 0 0
    outer loop
      vertex 39 1.96666 3.79888
      vertex 39 2.15 3.87848
      vertex 39 2.07039 3.85433
    endloop
  endfacet
  facet normal 1 0 0
    outer loop
      vertex 39 1.87574 3.72426
      vertex 39 2.15 3.87848
      vertex 39 1.96666 3.79888
    endloop
  endfacet
  facet normal 1 0 0
    outer loop
      vertex 39 2.15 3.87848
      vertex 39 1.87574 3.72426
      vertex 39 2.15 2.72152
    endloop
  endfacet
  facet normal 1 0 0
    outer loop
      vertex 39 2.15 2.72152
      vertex 39 1.96666 2.80112
      vertex 39 2.07039 2.74567
    endloop
  endfacet
  facet normal 1 -0 0
    outer loop
      vertex 39 1.87574 2.87574
      vertex 39 2.15 2.72152
      vertex 39 1.87574 3.72426
    endloop
  endfacet
  facet normal 1 0 0
    outer loop
      vertex 39 2.15 2.72152
      vertex 39 1.87574 2.87574
      vertex 39 1.96666 2.80112
    endloop
  endfacet
  facet normal 1 -0 0
    outer loop
      vertex 39 1.80112 3.63334
      vertex 39 1.87574 2.87574
      vertex 39 1.87574 3.72426
    endloop
  endfacet
  facet normal 1 0 0
    outer loop
      vertex 39 1.80112 3.63334
      vertex 39 1.80112 2.96666
      vertex 39 1.87574 2.87574
    endloop
  endfacet
  facet normal 1 -0 0
    outer loop
      vertex 39 1.74567 3.52961
      vertex 39 1.80112 2.96666
      vertex 39 1.80112 3.63334
    endloop
  endfacet
  facet normal 1 0 0
    outer loop
      vertex 39 1.74567 3.52961
      vertex 39 1.74567 3.07039
      vertex 39 1.80112 2.96666
    endloop
  endfacet
  facet normal 1 -0 0
    outer loop
      vertex 39 1.71153 3.41705
      vertex 39 1.74567 3.07039
      vertex 39 1.74567 3.52961
    endloop
  endfacet
  facet normal 1 0 0
    outer loop
      vertex 39 1.71153 3.41705
      vertex 39 1.71153 3.18295
      vertex 39 1.74567 3.07039
    endloop
  endfacet
  facet normal 1 0 -0
    outer loop
      vertex 39 1.71153 3.18295
      vertex 39 1.71153 3.41705
      vertex 39 1.7 3.3
    endloop
  endfacet
  facet normal 0 -0.290291 -0.956938
    outer loop
      vertex 25 2.07039 2.74567
      vertex 39 2.15 2.72152
      vertex 39 2.07039 2.74567
    endloop
  endfacet
  facet normal -0 -0.290291 -0.956938
    outer loop
      vertex 39 2.15 2.72152
      vertex 25 2.07039 2.74567
      vertex 25 2.15 2.72152
    endloop
  endfacet
  facet normal 0 -0.995183 0.0980305
    outer loop
      vertex 25 1.7 3.3
      vertex 39 1.71153 3.41705
      vertex 25 1.71153 3.41705
    endloop
  endfacet
  facet normal 0 -0.995183 0.0980305
    outer loop
      vertex 39 1.71153 3.41705
      vertex 25 1.7 3.3
      vertex 39 1.7 3.3
    endloop
  endfacet
  facet normal 0 -0.471431 -0.881903
    outer loop
      vertex 25 1.96666 2.80112
      vertex 39 2.07039 2.74567
      vertex 39 1.96666 2.80112
    endloop
  endfacet
  facet normal -0 -0.471431 -0.881903
    outer loop
      vertex 39 2.07039 2.74567
      vertex 25 1.96666 2.80112
      vertex 25 2.07039 2.74567
    endloop
  endfacet
  facet normal 0 -0.290291 0.956938
    outer loop
      vertex 25 2.15 3.87848
      vertex 39 2.07039 3.85433
      vertex 39 2.15 3.87848
    endloop
  endfacet
  facet normal 0 -0.290291 0.956938
    outer loop
      vertex 39 2.07039 3.85433
      vertex 25 2.15 3.87848
      vertex 25 2.07039 3.85433
    endloop
  endfacet
  facet normal 0 -0.995183 -0.0980305
    outer loop
      vertex 25 1.71153 3.18295
      vertex 39 1.7 3.3
      vertex 25 1.7 3.3
    endloop
  endfacet
  facet normal 0 -0.995183 -0.0980305
    outer loop
      vertex 39 1.7 3.3
      vertex 25 1.71153 3.18295
      vertex 39 1.71153 3.18295
    endloop
  endfacet
  facet normal -1 0 0
    outer loop
      vertex 25 1.96666 2.80112
      vertex 25 2.15 2.72152
      vertex 25 2.07039 2.74567
    endloop
  endfacet
  facet normal -1 0 0
    outer loop
      vertex 25 1.87574 2.87574
      vertex 25 2.15 2.72152
      vertex 25 1.96666 2.80112
    endloop
  endfacet
  facet normal -1 0 0
    outer loop
      vertex 25 2.15 2.72152
      vertex 25 1.87574 2.87574
      vertex 25 2.15 3.87848
    endloop
  endfacet
  facet normal -1 0 0
    outer loop
      vertex 25 2.15 3.87848
      vertex 25 1.96666 3.79888
      vertex 25 2.07039 3.85433
    endloop
  endfacet
  facet normal -1 0 0
    outer loop
      vertex 25 1.87574 3.72426
      vertex 25 2.15 3.87848
      vertex 25 1.87574 2.87574
    endloop
  endfacet
  facet normal -1 0 0
    outer loop
      vertex 25 2.15 3.87848
      vertex 25 1.87574 3.72426
      vertex 25 1.96666 3.79888
    endloop
  endfacet
  facet normal -1 0 0
    outer loop
      vertex 25 1.80112 2.96666
      vertex 25 1.87574 3.72426
      vertex 25 1.87574 2.87574
    endloop
  endfacet
  facet normal -1 0 0
    outer loop
      vertex 25 1.80112 2.96666
      vertex 25 1.80112 3.63334
      vertex 25 1.87574 3.72426
    endloop
  endfacet
  facet normal -1 0 0
    outer loop
      vertex 25 1.74567 3.07039
      vertex 25 1.80112 3.63334
      vertex 25 1.80112 2.96666
    endloop
  endfacet
  facet normal -1 0 0
    outer loop
      vertex 25 1.74567 3.07039
      vertex 25 1.74567 3.52961
      vertex 25 1.80112 3.63334
    endloop
  endfacet
  facet normal -1 0 0
    outer loop
      vertex 25 1.71153 3.18295
      vertex 25 1.74567 3.52961
      vertex 25 1.74567 3.07039
    endloop
  endfacet
  facet normal -1 0 0
    outer loop
      vertex 25 1.71153 3.18295
      vertex 25 1.71153 3.41705
      vertex 25 1.74567 3.52961
    endloop
  endfacet
  facet normal -1 0 -0
    outer loop
      vertex 25 1.71153 3.41705
      vertex 25 1.71153 3.18295
      vertex 25 1.7 3.3
    endloop
  endfacet
  facet normal 0 -0.881903 -0.471431
    outer loop
      vertex 25 1.80112 2.96666
      vertex 39 1.74567 3.07039
      vertex 25 1.74567 3.07039
    endloop
  endfacet
  facet normal 0 -0.881903 -0.471431
    outer loop
      vertex 39 1.74567 3.07039
      vertex 25 1.80112 2.96666
      vertex 39 1.80112 2.96666
    endloop
  endfacet
  facet normal 0 -0.956951 -0.290248
    outer loop
      vertex 25 1.74567 3.07039
      vertex 39 1.71153 3.18295
      vertex 25 1.71153 3.18295
    endloop
  endfacet
  facet normal 0 -0.956951 -0.290248
    outer loop
      vertex 39 1.71153 3.18295
      vertex 25 1.74567 3.07039
      vertex 39 1.74567 3.07039
    endloop
  endfacet
  facet normal 0 -0.881903 0.471431
    outer loop
      vertex 25 1.74567 3.52961
      vertex 39 1.80112 3.63334
      vertex 25 1.80112 3.63334
    endloop
  endfacet
  facet normal 0 -0.881903 0.471431
    outer loop
      vertex 39 1.80112 3.63334
      vertex 25 1.74567 3.52961
      vertex 39 1.74567 3.52961
    endloop
  endfacet
  facet normal 0 -0.634413 -0.772994
    outer loop
      vertex 25 1.87574 2.87574
      vertex 39 1.96666 2.80112
      vertex 39 1.87574 2.87574
    endloop
  endfacet
  facet normal -0 -0.634413 -0.772994
    outer loop
      vertex 39 1.96666 2.80112
      vertex 25 1.87574 2.87574
      vertex 25 1.96666 2.80112
    endloop
  endfacet
  facet normal 0 -0.471431 0.881903
    outer loop
      vertex 80.4 2.07039 3.85433
      vertex 94.4 1.96666 3.79888
      vertex 94.4 2.07039 3.85433
    endloop
  endfacet
  facet normal 0 -0.471431 0.881903
    outer loop
      vertex 94.4 1.96666 3.79888
      vertex 80.4 2.07039 3.85433
      vertex 80.4 1.96666 3.79888
    endloop
  endfacet
  facet normal 0 -0.956951 0.290248
    outer loop
      vertex 80.4 1.71153 3.41705
      vertex 94.4 1.74567 3.52961
      vertex 80.4 1.74567 3.52961
    endloop
  endfacet
  facet normal 0 -0.956951 0.290248
    outer loop
      vertex 94.4 1.74567 3.52961
      vertex 80.4 1.71153 3.41705
      vertex 94.4 1.71153 3.41705
    endloop
  endfacet
  facet normal 0 -0.772994 0.634413
    outer loop
      vertex 80.4 1.80112 3.63334
      vertex 94.4 1.87574 3.72426
      vertex 80.4 1.87574 3.72426
    endloop
  endfacet
  facet normal 0 -0.772994 0.634413
    outer loop
      vertex 94.4 1.87574 3.72426
      vertex 80.4 1.80112 3.63334
      vertex 94.4 1.80112 3.63334
    endloop
  endfacet
  facet normal 0 -0.772994 -0.634413
    outer loop
      vertex 80.4 1.87574 2.87574
      vertex 94.4 1.80112 2.96666
      vertex 80.4 1.80112 2.96666
    endloop
  endfacet
  facet normal 0 -0.772994 -0.634413
    outer loop
      vertex 94.4 1.80112 2.96666
      vertex 80.4 1.87574 2.87574
      vertex 94.4 1.87574 2.87574
    endloop
  endfacet
  facet normal 0 -0.634413 0.772994
    outer loop
      vertex 80.4 1.96666 3.79888
      vertex 94.4 1.87574 3.72426
      vertex 94.4 1.96666 3.79888
    endloop
  endfacet
  facet normal 0 -0.634413 0.772994
    outer loop
      vertex 94.4 1.87574 3.72426
      vertex 80.4 1.96666 3.79888
      vertex 80.4 1.87574 3.72426
    endloop
  endfacet
  facet normal 1 0 0
    outer loop
      vertex 94.4 1.96666 3.79888
      vertex 94.4 2.15 3.87848
      vertex 94.4 2.07039 3.85433
    endloop
  endfacet
  facet normal 1 0 0
    outer loop
      vertex 94.4 1.87574 3.72426
      vertex 94.4 2.15 3.87848
      vertex 94.4 1.96666 3.79888
    endloop
  endfacet
  facet normal 1 0 0
    outer loop
      vertex 94.4 2.15 3.87848
      vertex 94.4 1.87574 3.72426
      vertex 94.4 2.15 2.72152
    endloop
  endfacet
  facet normal 1 0 0
    outer loop
      vertex 94.4 2.15 2.72152
      vertex 94.4 1.96666 2.80112
      vertex 94.4 2.07039 2.74567
    endloop
  endfacet
  facet normal 1 -0 0
    outer loop
      vertex 94.4 1.87574 2.87574
      vertex 94.4 2.15 2.72152
      vertex 94.4 1.87574 3.72426
    endloop
  endfacet
  facet normal 1 0 0
    outer loop
      vertex 94.4 2.15 2.72152
      vertex 94.4 1.87574 2.87574
      vertex 94.4 1.96666 2.80112
    endloop
  endfacet
  facet normal 1 -0 0
    outer loop
      vertex 94.4 1.80112 3.63334
      vertex 94.4 1.87574 2.87574
      vertex 94.4 1.87574 3.72426
    endloop
  endfacet
  facet normal 1 0 0
    outer loop
      vertex 94.4 1.80112 3.63334
      vertex 94.4 1.80112 2.96666
      vertex 94.4 1.87574 2.87574
    endloop
  endfacet
  facet normal 1 -0 0
    outer loop
      vertex 94.4 1.74567 3.52961
      vertex 94.4 1.80112 2.96666
      vertex 94.4 1.80112 3.63334
    endloop
  endfacet
  facet normal 1 0 0
    outer loop
      vertex 94.4 1.74567 3.52961
      vertex 94.4 1.74567 3.07039
      vertex 94.4 1.80112 2.96666
    endloop
  endfacet
  facet normal 1 -0 0
    outer loop
      vertex 94.4 1.71153 3.41705
      vertex 94.4 1.74567 3.07039
      vertex 94.4 1.74567 3.52961
    endloop
  endfacet
  facet normal 1 0 0
    outer loop
      vertex 94.4 1.71153 3.41705
      vertex 94.4 1.71153 3.18295
      vertex 94.4 1.74567 3.07039
    endloop
  endfacet
  facet normal 1 0 -0
    outer loop
      vertex 94.4 1.71153 3.18295
      vertex 94.4 1.71153 3.41705
      vertex 94.4 1.7 3.3
    endloop
  endfacet
  facet normal 0 -0.290291 -0.956938
    outer loop
      vertex 80.4 2.07039 2.74567
      vertex 94.4 2.15 2.72152
      vertex 94.4 2.07039 2.74567
    endloop
  endfacet
  facet normal -0 -0.290291 -0.956938
    outer loop
      vertex 94.4 2.15 2.72152
      vertex 80.4 2.07039 2.74567
      vertex 80.4 2.15 2.72152
    endloop
  endfacet
  facet normal 0 -0.995183 0.0980305
    outer loop
      vertex 80.4 1.7 3.3
      vertex 94.4 1.71153 3.41705
      vertex 80.4 1.71153 3.41705
    endloop
  endfacet
  facet normal 0 -0.995183 0.0980305
    outer loop
      vertex 94.4 1.71153 3.41705
      vertex 80.4 1.7 3.3
      vertex 94.4 1.7 3.3
    endloop
  endfacet
  facet normal 0 -0.471431 -0.881903
    outer loop
      vertex 80.4 1.96666 2.80112
      vertex 94.4 2.07039 2.74567
      vertex 94.4 1.96666 2.80112
    endloop
  endfacet
  facet normal -0 -0.471431 -0.881903
    outer loop
      vertex 94.4 2.07039 2.74567
      vertex 80.4 1.96666 2.80112
      vertex 80.4 2.07039 2.74567
    endloop
  endfacet
  facet normal 0 -0.290291 0.956938
    outer loop
      vertex 80.4 2.15 3.87848
      vertex 94.4 2.07039 3.85433
      vertex 94.4 2.15 3.87848
    endloop
  endfacet
  facet normal 0 -0.290291 0.956938
    outer loop
      vertex 94.4 2.07039 3.85433
      vertex 80.4 2.15 3.87848
      vertex 80.4 2.07039 3.85433
    endloop
  endfacet
  facet normal 0 -0.995183 -0.0980305
    outer loop
      vertex 80.4 1.71153 3.18295
      vertex 94.4 1.7 3.3
      vertex 80.4 1.7 3.3
    endloop
  endfacet
  facet normal 0 -0.995183 -0.0980305
    outer loop
      vertex 94.4 1.7 3.3
      vertex 80.4 1.71153 3.18295
      vertex 94.4 1.71153 3.18295
    endloop
  endfacet
  facet normal 0 -0.881903 -0.471431
    outer loop
      vertex 80.4 1.80112 2.96666
      vertex 94.4 1.74567 3.07039
      vertex 80.4 1.74567 3.07039
    endloop
  endfacet
  facet normal 0 -0.881903 -0.471431
    outer loop
      vertex 94.4 1.74567 3.07039
      vertex 80.4 1.80112 2.96666
      vertex 94.4 1.80112 2.96666
    endloop
  endfacet
  facet normal 0 -0.956951 -0.290248
    outer loop
      vertex 80.4 1.74567 3.07039
      vertex 94.4 1.71153 3.18295
      vertex 80.4 1.71153 3.18295
    endloop
  endfacet
  facet normal 0 -0.956951 -0.290248
    outer loop
      vertex 94.4 1.71153 3.18295
      vertex 80.4 1.74567 3.07039
      vertex 94.4 1.74567 3.07039
    endloop
  endfacet
  facet normal 0 -0.881903 0.471431
    outer loop
      vertex 80.4 1.74567 3.52961
      vertex 94.4 1.80112 3.63334
      vertex 80.4 1.80112 3.63334
    endloop
  endfacet
  facet normal 0 -0.881903 0.471431
    outer loop
      vertex 94.4 1.80112 3.63334
      vertex 80.4 1.74567 3.52961
      vertex 94.4 1.74567 3.52961
    endloop
  endfacet
  facet normal 0 -0.634413 -0.772994
    outer loop
      vertex 80.4 1.87574 2.87574
      vertex 94.4 1.96666 2.80112
      vertex 94.4 1.87574 2.87574
    endloop
  endfacet
  facet normal -0 -0.634413 -0.772994
    outer loop
      vertex 94.4 1.96666 2.80112
      vertex 80.4 1.87574 2.87574
      vertex 80.4 1.96666 2.80112
    endloop
  endfacet
  facet normal -1 0 0
    outer loop
      vertex 80.4 1.96666 2.80112
      vertex 80.4 2.15 2.72152
      vertex 80.4 2.07039 2.74567
    endloop
  endfacet
  facet normal -1 0 0
    outer loop
      vertex 80.4 1.87574 2.87574
      vertex 80.4 2.15 2.72152
      vertex 80.4 1.96666 2.80112
    endloop
  endfacet
  facet normal -1 0 0
    outer loop
      vertex 80.4 2.15 2.72152
      vertex 80.4 1.87574 2.87574
      vertex 80.4 2.15 3.87848
    endloop
  endfacet
  facet normal -1 0 0
    outer loop
      vertex 80.4 2.15 3.87848
      vertex 80.4 1.96666 3.79888
      vertex 80.4 2.07039 3.85433
    endloop
  endfacet
  facet normal -1 0 0
    outer loop
      vertex 80.4 1.87574 3.72426
      vertex 80.4 2.15 3.87848
      vertex 80.4 1.87574 2.87574
    endloop
  endfacet
  facet normal -1 0 0
    outer loop
      vertex 80.4 2.15 3.87848
      vertex 80.4 1.87574 3.72426
      vertex 80.4 1.96666 3.79888
    endloop
  endfacet
  facet normal -1 0 0
    outer loop
      vertex 80.4 1.80112 2.96666
      vertex 80.4 1.87574 3.72426
      vertex 80.4 1.87574 2.87574
    endloop
  endfacet
  facet normal -1 0 0
    outer loop
      vertex 80.4 1.80112 2.96666
      vertex 80.4 1.80112 3.63334
      vertex 80.4 1.87574 3.72426
    endloop
  endfacet
  facet normal -1 0 0
    outer loop
      vertex 80.4 1.74567 3.07039
      vertex 80.4 1.80112 3.63334
      vertex 80.4 1.80112 2.96666
    endloop
  endfacet
  facet normal -1 0 0
    outer loop
      vertex 80.4 1.74567 3.07039
      vertex 80.4 1.74567 3.52961
      vertex 80.4 1.80112 3.63334
    endloop
  endfacet
  facet normal -1 0 0
    outer loop
      vertex 80.4 1.71153 3.18295
      vertex 80.4 1.74567 3.52961
      vertex 80.4 1.74567 3.07039
    endloop
  endfacet
  facet normal -1 0 0
    outer loop
      vertex 80.4 1.71153 3.18295
      vertex 80.4 1.71153 3.41705
      vertex 80.4 1.74567 3.52961
    endloop
  endfacet
  facet normal -1 0 -0
    outer loop
      vertex 80.4 1.71153 3.41705
      vertex 80.4 1.71153 3.18295
      vertex 80.4 1.7 3.3
    endloop
  endfacet
  facet normal 0 -0.290291 0.956938
    outer loop
      vertex 135.8 2.15 3.87848
      vertex 149.8 2.07039 3.85433
      vertex 149.8 2.15 3.87848
    endloop
  endfacet
  facet normal 0 -0.290291 0.956938
    outer loop
      vertex 149.8 2.07039 3.85433
      vertex 135.8 2.15 3.87848
      vertex 135.8 2.07039 3.85433
    endloop
  endfacet
  facet normal 0 -0.471431 0.881903
    outer loop
      vertex 135.8 2.07039 3.85433
      vertex 149.8 1.96666 3.79888
      vertex 149.8 2.07039 3.85433
    endloop
  endfacet
  facet normal 0 -0.471431 0.881903
    outer loop
      vertex 149.8 1.96666 3.79888
      vertex 135.8 2.07039 3.85433
      vertex 135.8 1.96666 3.79888
    endloop
  endfacet
  facet normal 0 -0.956951 0.290248
    outer loop
      vertex 135.8 1.71153 3.41705
      vertex 149.8 1.74567 3.52961
      vertex 135.8 1.74567 3.52961
    endloop
  endfacet
  facet normal 0 -0.956951 0.290248
    outer loop
      vertex 149.8 1.74567 3.52961
      vertex 135.8 1.71153 3.41705
      vertex 149.8 1.71153 3.41705
    endloop
  endfacet
  facet normal 0 -0.772994 0.634413
    outer loop
      vertex 135.8 1.80112 3.63334
      vertex 149.8 1.87574 3.72426
      vertex 135.8 1.87574 3.72426
    endloop
  endfacet
  facet normal 0 -0.772994 0.634413
    outer loop
      vertex 149.8 1.87574 3.72426
      vertex 135.8 1.80112 3.63334
      vertex 149.8 1.80112 3.63334
    endloop
  endfacet
  facet normal 0 -0.772994 -0.634413
    outer loop
      vertex 135.8 1.87574 2.87574
      vertex 149.8 1.80112 2.96666
      vertex 135.8 1.80112 2.96666
    endloop
  endfacet
  facet normal 0 -0.772994 -0.634413
    outer loop
      vertex 149.8 1.80112 2.96666
      vertex 135.8 1.87574 2.87574
      vertex 149.8 1.87574 2.87574
    endloop
  endfacet
  facet normal 0 -0.634413 0.772994
    outer loop
      vertex 135.8 1.96666 3.79888
      vertex 149.8 1.87574 3.72426
      vertex 149.8 1.96666 3.79888
    endloop
  endfacet
  facet normal 0 -0.634413 0.772994
    outer loop
      vertex 149.8 1.87574 3.72426
      vertex 135.8 1.96666 3.79888
      vertex 135.8 1.87574 3.72426
    endloop
  endfacet
  facet normal 1 0 0
    outer loop
      vertex 149.8 1.96666 3.79888
      vertex 149.8 2.15 3.87848
      vertex 149.8 2.07039 3.85433
    endloop
  endfacet
  facet normal 1 0 0
    outer loop
      vertex 149.8 1.87574 3.72426
      vertex 149.8 2.15 3.87848
      vertex 149.8 1.96666 3.79888
    endloop
  endfacet
  facet normal 1 0 0
    outer loop
      vertex 149.8 2.15 3.87848
      vertex 149.8 1.87574 3.72426
      vertex 149.8 2.15 2.72152
    endloop
  endfacet
  facet normal 1 0 0
    outer loop
      vertex 149.8 2.15 2.72152
      vertex 149.8 1.96666 2.80112
      vertex 149.8 2.07039 2.74567
    endloop
  endfacet
  facet normal 1 -0 0
    outer loop
      vertex 149.8 1.87574 2.87574
      vertex 149.8 2.15 2.72152
      vertex 149.8 1.87574 3.72426
    endloop
  endfacet
  facet normal 1 0 0
    outer loop
      vertex 149.8 2.15 2.72152
      vertex 149.8 1.87574 2.87574
      vertex 149.8 1.96666 2.80112
    endloop
  endfacet
  facet normal 1 -0 0
    outer loop
      vertex 149.8 1.80112 3.63334
      vertex 149.8 1.87574 2.87574
      vertex 149.8 1.87574 3.72426
    endloop
  endfacet
  facet normal 1 0 0
    outer loop
      vertex 149.8 1.80112 3.63334
      vertex 149.8 1.80112 2.96666
      vertex 149.8 1.87574 2.87574
    endloop
  endfacet
  facet normal 1 -0 0
    outer loop
      vertex 149.8 1.74567 3.52961
      vertex 149.8 1.80112 2.96666
      vertex 149.8 1.80112 3.63334
    endloop
  endfacet
  facet normal 1 0 0
    outer loop
      vertex 149.8 1.74567 3.52961
      vertex 149.8 1.74567 3.07039
      vertex 149.8 1.80112 2.96666
    endloop
  endfacet
  facet normal 1 -0 0
    outer loop
      vertex 149.8 1.71153 3.41705
      vertex 149.8 1.74567 3.07039
      vertex 149.8 1.74567 3.52961
    endloop
  endfacet
  facet normal 1 0 0
    outer loop
      vertex 149.8 1.71153 3.41705
      vertex 149.8 1.71153 3.18295
      vertex 149.8 1.74567 3.07039
    endloop
  endfacet
  facet normal 1 0 -0
    outer loop
      vertex 149.8 1.71153 3.18295
      vertex 149.8 1.71153 3.41705
      vertex 149.8 1.7 3.3
    endloop
  endfacet
  facet normal 0 -0.290291 -0.956938
    outer loop
      vertex 135.8 2.07039 2.74567
      vertex 149.8 2.15 2.72152
      vertex 149.8 2.07039 2.74567
    endloop
  endfacet
  facet normal -0 -0.290291 -0.956938
    outer loop
      vertex 149.8 2.15 2.72152
      vertex 135.8 2.07039 2.74567
      vertex 135.8 2.15 2.72152
    endloop
  endfacet
  facet normal 0 -0.995183 0.0980305
    outer loop
      vertex 135.8 1.7 3.3
      vertex 149.8 1.71153 3.41705
      vertex 135.8 1.71153 3.41705
    endloop
  endfacet
  facet normal 0 -0.995183 0.0980305
    outer loop
      vertex 149.8 1.71153 3.41705
      vertex 135.8 1.7 3.3
      vertex 149.8 1.7 3.3
    endloop
  endfacet
  facet normal 0 -0.471431 -0.881903
    outer loop
      vertex 135.8 1.96666 2.80112
      vertex 149.8 2.07039 2.74567
      vertex 149.8 1.96666 2.80112
    endloop
  endfacet
  facet normal -0 -0.471431 -0.881903
    outer loop
      vertex 149.8 2.07039 2.74567
      vertex 135.8 1.96666 2.80112
      vertex 135.8 2.07039 2.74567
    endloop
  endfacet
  facet normal 0 -0.995183 -0.0980305
    outer loop
      vertex 135.8 1.71153 3.18295
      vertex 149.8 1.7 3.3
      vertex 135.8 1.7 3.3
    endloop
  endfacet
  facet normal 0 -0.995183 -0.0980305
    outer loop
      vertex 149.8 1.7 3.3
      vertex 135.8 1.71153 3.18295
      vertex 149.8 1.71153 3.18295
    endloop
  endfacet
  facet normal -1 0 0
    outer loop
      vertex 135.8 1.96666 2.80112
      vertex 135.8 2.15 2.72152
      vertex 135.8 2.07039 2.74567
    endloop
  endfacet
  facet normal -1 0 0
    outer loop
      vertex 135.8 1.87574 2.87574
      vertex 135.8 2.15 2.72152
      vertex 135.8 1.96666 2.80112
    endloop
  endfacet
  facet normal -1 0 0
    outer loop
      vertex 135.8 2.15 2.72152
      vertex 135.8 1.87574 2.87574
      vertex 135.8 2.15 3.87848
    endloop
  endfacet
  facet normal -1 0 0
    outer loop
      vertex 135.8 2.15 3.87848
      vertex 135.8 1.96666 3.79888
      vertex 135.8 2.07039 3.85433
    endloop
  endfacet
  facet normal -1 0 0
    outer loop
      vertex 135.8 1.87574 3.72426
      vertex 135.8 2.15 3.87848
      vertex 135.8 1.87574 2.87574
    endloop
  endfacet
  facet normal -1 0 0
    outer loop
      vertex 135.8 2.15 3.87848
      vertex 135.8 1.87574 3.72426
      vertex 135.8 1.96666 3.79888
    endloop
  endfacet
  facet normal -1 0 0
    outer loop
      vertex 135.8 1.80112 2.96666
      vertex 135.8 1.87574 3.72426
      vertex 135.8 1.87574 2.87574
    endloop
  endfacet
  facet normal -1 0 0
    outer loop
      vertex 135.8 1.80112 2.96666
      vertex 135.8 1.80112 3.63334
      vertex 135.8 1.87574 3.72426
    endloop
  endfacet
  facet normal -1 0 0
    outer loop
      vertex 135.8 1.74567 3.07039
      vertex 135.8 1.80112 3.63334
      vertex 135.8 1.80112 2.96666
    endloop
  endfacet
  facet normal -1 0 0
    outer loop
      vertex 135.8 1.74567 3.07039
      vertex 135.8 1.74567 3.52961
      vertex 135.8 1.80112 3.63334
    endloop
  endfacet
  facet normal -1 0 0
    outer loop
      vertex 135.8 1.71153 3.18295
      vertex 135.8 1.74567 3.52961
      vertex 135.8 1.74567 3.07039
    endloop
  endfacet
  facet normal -1 0 0
    outer loop
      vertex 135.8 1.71153 3.18295
      vertex 135.8 1.71153 3.41705
      vertex 135.8 1.74567 3.52961
    endloop
  endfacet
  facet normal -1 0 -0
    outer loop
      vertex 135.8 1.71153 3.41705
      vertex 135.8 1.71153 3.18295
      vertex 135.8 1.7 3.3
    endloop
  endfacet
  facet normal 0 -0.881903 -0.471431
    outer loop
      vertex 135.8 1.80112 2.96666
      vertex 149.8 1.74567 3.07039
      vertex 135.8 1.74567 3.07039
    endloop
  endfacet
  facet normal 0 -0.881903 -0.471431
    outer loop
      vertex 149.8 1.74567 3.07039
      vertex 135.8 1.80112 2.96666
      vertex 149.8 1.80112 2.96666
    endloop
  endfacet
  facet normal 0 -0.956951 -0.290248
    outer loop
      vertex 135.8 1.74567 3.07039
      vertex 149.8 1.71153 3.18295
      vertex 135.8 1.71153 3.18295
    endloop
  endfacet
  facet normal 0 -0.956951 -0.290248
    outer loop
      vertex 149.8 1.71153 3.18295
      vertex 135.8 1.74567 3.07039
      vertex 149.8 1.74567 3.07039
    endloop
  endfacet
  facet normal 0 -0.881903 0.471431
    outer loop
      vertex 135.8 1.74567 3.52961
      vertex 149.8 1.80112 3.63334
      vertex 135.8 1.80112 3.63334
    endloop
  endfacet
  facet normal 0 -0.881903 0.471431
    outer loop
      vertex 149.8 1.80112 3.63334
      vertex 135.8 1.74567 3.52961
      vertex 149.8 1.74567 3.52961
    endloop
  endfacet
  facet normal 0 -0.634413 -0.772994
    outer loop
      vertex 135.8 1.87574 2.87574
      vertex 149.8 1.96666 2.80112
      vertex 149.8 1.87574 2.87574
    endloop
  endfacet
  facet normal -0 -0.634413 -0.772994
    outer loop
      vertex 149.8 1.96666 2.80112
      vertex 135.8 1.87574 2.87574
      vertex 135.8 1.96666 2.80112
    endloop
  endfacet
  facet normal 1 -0 0
    outer loop
      vertex 121.2 80.9 2.2
      vertex 121.2 93.2 1.2
      vertex 121.2 93.2 2.2
    endloop
  endfacet
  facet normal 1 0 0
    outer loop
      vertex 121.2 93.2 1.2
      vertex 121.2 80.9 2.2
      vertex 121.2 80.9 1.2
    endloop
  endfacet
  facet normal 1 -0 0
    outer loop
      vertex 121.2 101.2 2.2
      vertex 121.2 113.5 1.2
      vertex 121.2 113.5 2.2
    endloop
  endfacet
  facet normal 1 0 0
    outer loop
      vertex 121.2 113.5 1.2
      vertex 121.2 101.2 2.2
      vertex 121.2 101.2 1.2
    endloop
  endfacet
  facet normal 0 0 1
    outer loop
      vertex 120.4 81.7 2.2
      vertex 121.2 93.2 2.2
      vertex 120.4 93.2 2.2
    endloop
  endfacet
  facet normal 0 0 1
    outer loop
      vertex 121.2 93.2 2.2
      vertex 120.4 81.7 2.2
      vertex 121.2 80.9 2.2
    endloop
  endfacet
  facet normal 0 0 1
    outer loop
      vertex 91.5 80.9 2.2
      vertex 120.4 81.7 2.2
      vertex 91.5 81.7 2.2
    endloop
  endfacet
  facet normal 0 0 1
    outer loop
      vertex 120.4 81.7 2.2
      vertex 91.5 80.9 2.2
      vertex 121.2 80.9 2.2
    endloop
  endfacet
  facet normal 0 0 1
    outer loop
      vertex 121.2 113.5 2.2
      vertex 120.4 112.7 2.2
      vertex 121.2 101.2 2.2
    endloop
  endfacet
  facet normal -0 0 1
    outer loop
      vertex 91.5 113.5 2.2
      vertex 120.4 112.7 2.2
      vertex 121.2 113.5 2.2
    endloop
  endfacet
  facet normal 0 0 1
    outer loop
      vertex 120.4 112.7 2.2
      vertex 91.5 113.5 2.2
      vertex 91.5 112.7 2.2
    endloop
  endfacet
  facet normal 0 0 1
    outer loop
      vertex 121.2 101.2 2.2
      vertex 120.4 112.7 2.2
      vertex 120.4 101.2 2.2
    endloop
  endfacet
  facet normal 0 0 1
    outer loop
      vertex 83.5 113.5 2.2
      vertex 54.6 112.7 2.2
      vertex 83.5 112.7 2.2
    endloop
  endfacet
  facet normal -0 0 1
    outer loop
      vertex 53.8 113.5 2.2
      vertex 54.6 112.7 2.2
      vertex 83.5 113.5 2.2
    endloop
  endfacet
  facet normal 0 0 1
    outer loop
      vertex 53.8 101.2 2.2
      vertex 54.6 112.7 2.2
      vertex 53.8 113.5 2.2
    endloop
  endfacet
  facet normal 0 0 1
    outer loop
      vertex 54.6 112.7 2.2
      vertex 53.8 101.2 2.2
      vertex 54.6 101.2 2.2
    endloop
  endfacet
  facet normal 0 0 1
    outer loop
      vertex 54.6 93.2 2.2
      vertex 53.8 93.2 2.2
      vertex 54.6 81.7 2.2
    endloop
  endfacet
  facet normal -0 0 1
    outer loop
      vertex 54.6 81.7 2.2
      vertex 83.5 80.9 2.2
      vertex 83.5 81.7 2.2
    endloop
  endfacet
  facet normal 0 0 1
    outer loop
      vertex 54.6 81.7 2.2
      vertex 53.8 80.9 2.2
      vertex 83.5 80.9 2.2
    endloop
  endfacet
  facet normal 0 0 1
    outer loop
      vertex 53.8 80.9 2.2
      vertex 54.6 81.7 2.2
      vertex 53.8 93.2 2.2
    endloop
  endfacet
  facet normal -1 0 0
    outer loop
      vertex 53.8 80.9 1.2
      vertex 53.8 93.2 2.2
      vertex 53.8 93.2 1.2
    endloop
  endfacet
  facet normal -1 -0 0
    outer loop
      vertex 53.8 93.2 2.2
      vertex 53.8 80.9 1.2
      vertex 53.8 80.9 2.2
    endloop
  endfacet
  facet normal -1 0 0
    outer loop
      vertex 53.8 101.2 1.2
      vertex 53.8 113.5 2.2
      vertex 53.8 113.5 1.2
    endloop
  endfacet
  facet normal -1 -0 0
    outer loop
      vertex 53.8 113.5 2.2
      vertex 53.8 101.2 1.2
      vertex 53.8 101.2 2.2
    endloop
  endfacet
  facet normal 0 -1 0
    outer loop
      vertex 53.8 80.9 1.2
      vertex 83.5 80.9 2.2
      vertex 53.8 80.9 2.2
    endloop
  endfacet
  facet normal 0 -1 -0
    outer loop
      vertex 83.5 80.9 2.2
      vertex 53.8 80.9 1.2
      vertex 83.5 80.9 1.2
    endloop
  endfacet
  facet normal 0 -1 0
    outer loop
      vertex 91.5 80.9 1.2
      vertex 121.2 80.9 2.2
      vertex 91.5 80.9 2.2
    endloop
  endfacet
  facet normal 0 -1 -0
    outer loop
      vertex 121.2 80.9 2.2
      vertex 91.5 80.9 1.2
      vertex 121.2 80.9 1.2
    endloop
  endfacet
  facet normal 0 1 -0
    outer loop
      vertex 83.5 113.5 1.2
      vertex 53.8 113.5 2.2
      vertex 83.5 113.5 2.2
    endloop
  endfacet
  facet normal 0 1 0
    outer loop
      vertex 53.8 113.5 2.2
      vertex 83.5 113.5 1.2
      vertex 53.8 113.5 1.2
    endloop
  endfacet
  facet normal 0 1 -0
    outer loop
      vertex 121.2 113.5 1.2
      vertex 91.5 113.5 2.2
      vertex 121.2 113.5 2.2
    endloop
  endfacet
  facet normal 0 1 0
    outer loop
      vertex 91.5 113.5 2.2
      vertex 121.2 113.5 1.2
      vertex 91.5 113.5 1.2
    endloop
  endfacet
  facet normal -1 0 0
    outer loop
      vertex 120.4 81.7 1.2
      vertex 120.4 93.2 2.2
      vertex 120.4 93.2 1.2
    endloop
  endfacet
  facet normal -1 -0 0
    outer loop
      vertex 120.4 93.2 2.2
      vertex 120.4 81.7 1.2
      vertex 120.4 81.7 2.2
    endloop
  endfacet
  facet normal -1 0 0
    outer loop
      vertex 120.4 101.2 1.2
      vertex 120.4 112.7 2.2
      vertex 120.4 112.7 1.2
    endloop
  endfacet
  facet normal -1 -0 0
    outer loop
      vertex 120.4 112.7 2.2
      vertex 120.4 101.2 1.2
      vertex 120.4 101.2 2.2
    endloop
  endfacet
  facet normal 1 -0 0
    outer loop
      vertex 54.6 81.7 2.2
      vertex 54.6 93.2 1.2
      vertex 54.6 93.2 2.2
    endloop
  endfacet
  facet normal 1 0 0
    outer loop
      vertex 54.6 93.2 1.2
      vertex 54.6 81.7 2.2
      vertex 54.6 81.7 1.2
    endloop
  endfacet
  facet normal 1 -0 0
    outer loop
      vertex 54.6 101.2 2.2
      vertex 54.6 112.7 1.2
      vertex 54.6 112.7 2.2
    endloop
  endfacet
  facet normal 1 0 0
    outer loop
      vertex 54.6 112.7 1.2
      vertex 54.6 101.2 2.2
      vertex 54.6 101.2 1.2
    endloop
  endfacet
  facet normal 0 1 -0
    outer loop
      vertex 83.5 81.7 1.2
      vertex 54.6 81.7 2.2
      vertex 83.5 81.7 2.2
    endloop
  endfacet
  facet normal 0 1 0
    outer loop
      vertex 54.6 81.7 2.2
      vertex 83.5 81.7 1.2
      vertex 54.6 81.7 1.2
    endloop
  endfacet
  facet normal 0 1 -0
    outer loop
      vertex 120.4 81.7 1.2
      vertex 91.5 81.7 2.2
      vertex 120.4 81.7 2.2
    endloop
  endfacet
  facet normal 0 1 0
    outer loop
      vertex 91.5 81.7 2.2
      vertex 120.4 81.7 1.2
      vertex 91.5 81.7 1.2
    endloop
  endfacet
  facet normal 0 -1 0
    outer loop
      vertex 54.6 112.7 1.2
      vertex 83.5 112.7 2.2
      vertex 54.6 112.7 2.2
    endloop
  endfacet
  facet normal 0 -1 -0
    outer loop
      vertex 83.5 112.7 2.2
      vertex 54.6 112.7 1.2
      vertex 83.5 112.7 1.2
    endloop
  endfacet
  facet normal 0 -1 0
    outer loop
      vertex 91.5 112.7 1.2
      vertex 120.4 112.7 2.2
      vertex 91.5 112.7 2.2
    endloop
  endfacet
  facet normal 0 -1 -0
    outer loop
      vertex 120.4 112.7 2.2
      vertex 91.5 112.7 1.2
      vertex 120.4 112.7 1.2
    endloop
  endfacet
  facet normal -1 0 0
    outer loop
      vertex 91.5 80.9 1.2
      vertex 91.5 81.7 2.2
      vertex 91.5 81.7 1.2
    endloop
  endfacet
  facet normal -1 -0 0
    outer loop
      vertex 91.5 81.7 2.2
      vertex 91.5 80.9 1.2
      vertex 91.5 80.9 2.2
    endloop
  endfacet
  facet normal -1 0 0
    outer loop
      vertex 91.5 112.7 1.2
      vertex 91.5 113.5 2.2
      vertex 91.5 113.5 1.2
    endloop
  endfacet
  facet normal -1 -0 0
    outer loop
      vertex 91.5 113.5 2.2
      vertex 91.5 112.7 1.2
      vertex 91.5 112.7 2.2
    endloop
  endfacet
  facet normal 1 -0 0
    outer loop
      vertex 83.5 80.9 2.2
      vertex 83.5 81.7 1.2
      vertex 83.5 81.7 2.2
    endloop
  endfacet
  facet normal 1 0 0
    outer loop
      vertex 83.5 81.7 1.2
      vertex 83.5 80.9 2.2
      vertex 83.5 80.9 1.2
    endloop
  endfacet
  facet normal 1 -0 0
    outer loop
      vertex 83.5 112.7 2.2
      vertex 83.5 113.5 1.2
      vertex 83.5 113.5 2.2
    endloop
  endfacet
  facet normal 1 0 0
    outer loop
      vertex 83.5 113.5 1.2
      vertex 83.5 112.7 2.2
      vertex 83.5 112.7 1.2
    endloop
  endfacet
  facet normal 0 1 -0
    outer loop
      vertex 54.6 93.2 1.2
      vertex 53.8 93.2 2.2
      vertex 54.6 93.2 2.2
    endloop
  endfacet
  facet normal 0 1 0
    outer loop
      vertex 53.8 93.2 2.2
      vertex 54.6 93.2 1.2
      vertex 53.8 93.2 1.2
    endloop
  endfacet
  facet normal 0 1 -0
    outer loop
      vertex 121.2 93.2 1.2
      vertex 120.4 93.2 2.2
      vertex 121.2 93.2 2.2
    endloop
  endfacet
  facet normal 0 1 0
    outer loop
      vertex 120.4 93.2 2.2
      vertex 121.2 93.2 1.2
      vertex 120.4 93.2 1.2
    endloop
  endfacet
  facet normal 0 -1 0
    outer loop
      vertex 53.8 101.2 1.2
      vertex 54.6 101.2 2.2
      vertex 53.8 101.2 2.2
    endloop
  endfacet
  facet normal 0 -1 -0
    outer loop
      vertex 54.6 101.2 2.2
      vertex 53.8 101.2 1.2
      vertex 54.6 101.2 1.2
    endloop
  endfacet
  facet normal 0 -1 0
    outer loop
      vertex 120.4 101.2 1.2
      vertex 121.2 101.2 2.2
      vertex 120.4 101.2 2.2
    endloop
  endfacet
  facet normal 0 -1 -0
    outer loop
      vertex 121.2 101.2 2.2
      vertex 120.4 101.2 1.2
      vertex 121.2 101.2 1.2
    endloop
  endfacet
  facet normal 1 -0 0
    outer loop
      vertex 61.2 33.1 2.2
      vertex 61.2 47.3 1.2
      vertex 61.2 47.3 2.2
    endloop
  endfacet
  facet normal 1 0 0
    outer loop
      vertex 61.2 47.3 1.2
      vertex 61.2 33.1 2.2
      vertex 61.2 33.1 1.2
    endloop
  endfacet
  facet normal 1 -0 0
    outer loop
      vertex 61.2 55.3 2.2
      vertex 61.2 69.5 1.2
      vertex 61.2 69.5 2.2
    endloop
  endfacet
  facet normal 1 0 0
    outer loop
      vertex 61.2 69.5 1.2
      vertex 61.2 55.3 2.2
      vertex 61.2 55.3 1.2
    endloop
  endfacet
  facet normal 0 0 1
    outer loop
      vertex 60.4 33.9 2.2
      vertex 61.2 47.3 2.2
      vertex 60.4 47.3 2.2
    endloop
  endfacet
  facet normal 0 0 1
    outer loop
      vertex 61.2 47.3 2.2
      vertex 60.4 33.9 2.2
      vertex 61.2 33.1 2.2
    endloop
  endfacet
  facet normal 0 0 1
    outer loop
      vertex 39 33.1 2.2
      vertex 60.4 33.9 2.2
      vertex 39 33.9 2.2
    endloop
  endfacet
  facet normal 0 0 1
    outer loop
      vertex 60.4 33.9 2.2
      vertex 39 33.1 2.2
      vertex 61.2 33.1 2.2
    endloop
  endfacet
  facet normal 0 0 1
    outer loop
      vertex 61.2 69.5 2.2
      vertex 60.4 68.7 2.2
      vertex 61.2 55.3 2.2
    endloop
  endfacet
  facet normal -0 0 1
    outer loop
      vertex 39 69.5 2.2
      vertex 60.4 68.7 2.2
      vertex 61.2 69.5 2.2
    endloop
  endfacet
  facet normal 0 0 1
    outer loop
      vertex 60.4 68.7 2.2
      vertex 39 69.5 2.2
      vertex 39 68.7 2.2
    endloop
  endfacet
  facet normal 0 0 1
    outer loop
      vertex 61.2 55.3 2.2
      vertex 60.4 68.7 2.2
      vertex 60.4 55.3 2.2
    endloop
  endfacet
  facet normal 0 0 1
    outer loop
      vertex 31 69.5 2.2
      vertex 9.6 68.7 2.2
      vertex 31 68.7 2.2
    endloop
  endfacet
  facet normal -0 0 1
    outer loop
      vertex 8.8 69.5 2.2
      vertex 9.6 68.7 2.2
      vertex 31 69.5 2.2
    endloop
  endfacet
  facet normal 0 0 1
    outer loop
      vertex 8.8 55.3 2.2
      vertex 9.6 68.7 2.2
      vertex 8.8 69.5 2.2
    endloop
  endfacet
  facet normal 0 0 1
    outer loop
      vertex 9.6 68.7 2.2
      vertex 8.8 55.3 2.2
      vertex 9.6 55.3 2.2
    endloop
  endfacet
  facet normal 0 0 1
    outer loop
      vertex 9.6 47.3 2.2
      vertex 8.8 47.3 2.2
      vertex 9.6 33.9 2.2
    endloop
  endfacet
  facet normal -0 0 1
    outer loop
      vertex 9.6 33.9 2.2
      vertex 31 33.1 2.2
      vertex 31 33.9 2.2
    endloop
  endfacet
  facet normal 0 0 1
    outer loop
      vertex 9.6 33.9 2.2
      vertex 8.8 33.1 2.2
      vertex 31 33.1 2.2
    endloop
  endfacet
  facet normal 0 0 1
    outer loop
      vertex 8.8 33.1 2.2
      vertex 9.6 33.9 2.2
      vertex 8.8 47.3 2.2
    endloop
  endfacet
  facet normal -1 0 0
    outer loop
      vertex 8.8 33.1 1.2
      vertex 8.8 47.3 2.2
      vertex 8.8 47.3 1.2
    endloop
  endfacet
  facet normal -1 -0 0
    outer loop
      vertex 8.8 47.3 2.2
      vertex 8.8 33.1 1.2
      vertex 8.8 33.1 2.2
    endloop
  endfacet
  facet normal -1 0 0
    outer loop
      vertex 8.8 55.3 1.2
      vertex 8.8 69.5 2.2
      vertex 8.8 69.5 1.2
    endloop
  endfacet
  facet normal -1 -0 0
    outer loop
      vertex 8.8 69.5 2.2
      vertex 8.8 55.3 1.2
      vertex 8.8 55.3 2.2
    endloop
  endfacet
  facet normal 0 -1 0
    outer loop
      vertex 8.8 33.1 1.2
      vertex 31 33.1 2.2
      vertex 8.8 33.1 2.2
    endloop
  endfacet
  facet normal 0 -1 -0
    outer loop
      vertex 31 33.1 2.2
      vertex 8.8 33.1 1.2
      vertex 31 33.1 1.2
    endloop
  endfacet
  facet normal 0 -1 0
    outer loop
      vertex 39 33.1 1.2
      vertex 61.2 33.1 2.2
      vertex 39 33.1 2.2
    endloop
  endfacet
  facet normal 0 -1 -0
    outer loop
      vertex 61.2 33.1 2.2
      vertex 39 33.1 1.2
      vertex 61.2 33.1 1.2
    endloop
  endfacet
  facet normal 0 1 -0
    outer loop
      vertex 31 69.5 1.2
      vertex 8.8 69.5 2.2
      vertex 31 69.5 2.2
    endloop
  endfacet
  facet normal 0 1 0
    outer loop
      vertex 8.8 69.5 2.2
      vertex 31 69.5 1.2
      vertex 8.8 69.5 1.2
    endloop
  endfacet
  facet normal 0 1 -0
    outer loop
      vertex 61.2 69.5 1.2
      vertex 39 69.5 2.2
      vertex 61.2 69.5 2.2
    endloop
  endfacet
  facet normal 0 1 0
    outer loop
      vertex 39 69.5 2.2
      vertex 61.2 69.5 1.2
      vertex 39 69.5 1.2
    endloop
  endfacet
  facet normal -1 0 0
    outer loop
      vertex 60.4 33.9 1.2
      vertex 60.4 47.3 2.2
      vertex 60.4 47.3 1.2
    endloop
  endfacet
  facet normal -1 -0 0
    outer loop
      vertex 60.4 47.3 2.2
      vertex 60.4 33.9 1.2
      vertex 60.4 33.9 2.2
    endloop
  endfacet
  facet normal -1 0 0
    outer loop
      vertex 60.4 55.3 1.2
      vertex 60.4 68.7 2.2
      vertex 60.4 68.7 1.2
    endloop
  endfacet
  facet normal -1 -0 0
    outer loop
      vertex 60.4 68.7 2.2
      vertex 60.4 55.3 1.2
      vertex 60.4 55.3 2.2
    endloop
  endfacet
  facet normal 1 -0 0
    outer loop
      vertex 9.6 33.9 2.2
      vertex 9.6 47.3 1.2
      vertex 9.6 47.3 2.2
    endloop
  endfacet
  facet normal 1 0 0
    outer loop
      vertex 9.6 47.3 1.2
      vertex 9.6 33.9 2.2
      vertex 9.6 33.9 1.2
    endloop
  endfacet
  facet normal 1 -0 0
    outer loop
      vertex 9.6 55.3 2.2
      vertex 9.6 68.7 1.2
      vertex 9.6 68.7 2.2
    endloop
  endfacet
  facet normal 1 0 0
    outer loop
      vertex 9.6 68.7 1.2
      vertex 9.6 55.3 2.2
      vertex 9.6 55.3 1.2
    endloop
  endfacet
  facet normal 0 1 -0
    outer loop
      vertex 31 33.9 1.2
      vertex 9.6 33.9 2.2
      vertex 31 33.9 2.2
    endloop
  endfacet
  facet normal 0 1 0
    outer loop
      vertex 9.6 33.9 2.2
      vertex 31 33.9 1.2
      vertex 9.6 33.9 1.2
    endloop
  endfacet
  facet normal 0 1 -0
    outer loop
      vertex 60.4 33.9 1.2
      vertex 39 33.9 2.2
      vertex 60.4 33.9 2.2
    endloop
  endfacet
  facet normal 0 1 0
    outer loop
      vertex 39 33.9 2.2
      vertex 60.4 33.9 1.2
      vertex 39 33.9 1.2
    endloop
  endfacet
  facet normal 0 -1 0
    outer loop
      vertex 9.6 68.7 1.2
      vertex 31 68.7 2.2
      vertex 9.6 68.7 2.2
    endloop
  endfacet
  facet normal 0 -1 -0
    outer loop
      vertex 31 68.7 2.2
      vertex 9.6 68.7 1.2
      vertex 31 68.7 1.2
    endloop
  endfacet
  facet normal 0 -1 0
    outer loop
      vertex 39 68.7 1.2
      vertex 60.4 68.7 2.2
      vertex 39 68.7 2.2
    endloop
  endfacet
  facet normal 0 -1 -0
    outer loop
      vertex 60.4 68.7 2.2
      vertex 39 68.7 1.2
      vertex 60.4 68.7 1.2
    endloop
  endfacet
  facet normal -1 0 0
    outer loop
      vertex 39 33.1 1.2
      vertex 39 33.9 2.2
      vertex 39 33.9 1.2
    endloop
  endfacet
  facet normal -1 -0 0
    outer loop
      vertex 39 33.9 2.2
      vertex 39 33.1 1.2
      vertex 39 33.1 2.2
    endloop
  endfacet
  facet normal -1 0 0
    outer loop
      vertex 39 68.7 1.2
      vertex 39 69.5 2.2
      vertex 39 69.5 1.2
    endloop
  endfacet
  facet normal -1 -0 0
    outer loop
      vertex 39 69.5 2.2
      vertex 39 68.7 1.2
      vertex 39 68.7 2.2
    endloop
  endfacet
  facet normal 1 -0 0
    outer loop
      vertex 31 33.1 2.2
      vertex 31 33.9 1.2
      vertex 31 33.9 2.2
    endloop
  endfacet
  facet normal 1 0 0
    outer loop
      vertex 31 33.9 1.2
      vertex 31 33.1 2.2
      vertex 31 33.1 1.2
    endloop
  endfacet
  facet normal 1 -0 0
    outer loop
      vertex 31 68.7 2.2
      vertex 31 69.5 1.2
      vertex 31 69.5 2.2
    endloop
  endfacet
  facet normal 1 0 0
    outer loop
      vertex 31 69.5 1.2
      vertex 31 68.7 2.2
      vertex 31 68.7 1.2
    endloop
  endfacet
  facet normal 0 1 -0
    outer loop
      vertex 9.6 47.3 1.2
      vertex 8.8 47.3 2.2
      vertex 9.6 47.3 2.2
    endloop
  endfacet
  facet normal 0 1 0
    outer loop
      vertex 8.8 47.3 2.2
      vertex 9.6 47.3 1.2
      vertex 8.8 47.3 1.2
    endloop
  endfacet
  facet normal 0 1 -0
    outer loop
      vertex 61.2 47.3 1.2
      vertex 60.4 47.3 2.2
      vertex 61.2 47.3 2.2
    endloop
  endfacet
  facet normal 0 1 0
    outer loop
      vertex 60.4 47.3 2.2
      vertex 61.2 47.3 1.2
      vertex 60.4 47.3 1.2
    endloop
  endfacet
  facet normal 0 -1 0
    outer loop
      vertex 8.8 55.3 1.2
      vertex 9.6 55.3 2.2
      vertex 8.8 55.3 2.2
    endloop
  endfacet
  facet normal 0 -1 -0
    outer loop
      vertex 9.6 55.3 2.2
      vertex 8.8 55.3 1.2
      vertex 9.6 55.3 1.2
    endloop
  endfacet
  facet normal 0 -1 0
    outer loop
      vertex 60.4 55.3 1.2
      vertex 61.2 55.3 2.2
      vertex 60.4 55.3 2.2
    endloop
  endfacet
  facet normal 0 -1 -0
    outer loop
      vertex 61.2 55.3 2.2
      vertex 60.4 55.3 1.2
      vertex 61.2 55.3 1.2
    endloop
  endfacet
  facet normal 0 0 1
    outer loop
      vertex 132.45 39.5 2.2
      vertex 101.55 38.7 2.2
      vertex 132.45 38.7 2.2
    endloop
  endfacet
  facet normal -0 0 1
    outer loop
      vertex 100.75 39.5 2.2
      vertex 101.55 38.7 2.2
      vertex 132.45 39.5 2.2
    endloop
  endfacet
  facet normal 0 0 1
    outer loop
      vertex 100.75 29.3 2.2
      vertex 101.55 38.7 2.2
      vertex 100.75 39.5 2.2
    endloop
  endfacet
  facet normal 0 0 1
    outer loop
      vertex 101.55 38.7 2.2
      vertex 100.75 29.3 2.2
      vertex 101.55 29.3 2.2
    endloop
  endfacet
  facet normal 0 0 1
    outer loop
      vertex 101.55 21.3 2.2
      vertex 100.75 21.3 2.2
      vertex 101.55 11.9 2.2
    endloop
  endfacet
  facet normal -0 0 1
    outer loop
      vertex 101.55 11.9 2.2
      vertex 132.45 11.1 2.2
      vertex 132.45 11.9 2.2
    endloop
  endfacet
  facet normal 0 0 1
    outer loop
      vertex 101.55 11.9 2.2
      vertex 100.75 11.1 2.2
      vertex 132.45 11.1 2.2
    endloop
  endfacet
  facet normal 0 0 1
    outer loop
      vertex 100.75 11.1 2.2
      vertex 101.55 11.9 2.2
      vertex 100.75 21.3 2.2
    endloop
  endfacet
  facet normal 0 0 1
    outer loop
      vertex 171.35 11.9 2.2
      vertex 171.45 15.3014 2.2
      vertex 171.35 15.3014 2.2
    endloop
  endfacet
  facet normal 0 0 1
    outer loop
      vertex 171.45 15.3014 2.2
      vertex 171.35 11.9 2.2
      vertex 171.45 11.1 2.2
    endloop
  endfacet
  facet normal 0 0 1
    outer loop
      vertex 140.45 11.1 2.2
      vertex 171.35 11.9 2.2
      vertex 140.45 11.9 2.2
    endloop
  endfacet
  facet normal 0 0 1
    outer loop
      vertex 171.35 11.9 2.2
      vertex 140.45 11.1 2.2
      vertex 171.45 11.1 2.2
    endloop
  endfacet
  facet normal 0 0 1
    outer loop
      vertex 171.45 39.5 2.2
      vertex 171.35 38.7 2.2
      vertex 171.45 35.2986 2.2
    endloop
  endfacet
  facet normal -0 0 1
    outer loop
      vertex 140.45 39.5 2.2
      vertex 171.35 38.7 2.2
      vertex 171.45 39.5 2.2
    endloop
  endfacet
  facet normal 0 0 1
    outer loop
      vertex 171.35 38.7 2.2
      vertex 140.45 39.5 2.2
      vertex 140.45 38.7 2.2
    endloop
  endfacet
  facet normal 0 0 1
    outer loop
      vertex 171.45 35.2986 2.2
      vertex 171.35 38.7 2.2
      vertex 171.35 35.2986 2.2
    endloop
  endfacet
  facet normal -1 0 0
    outer loop
      vertex 100.75 11.1 1.2
      vertex 100.75 21.3 2.2
      vertex 100.75 21.3 1.2
    endloop
  endfacet
  facet normal -1 -0 0
    outer loop
      vertex 100.75 21.3 2.2
      vertex 100.75 11.1 1.2
      vertex 100.75 11.1 2.2
    endloop
  endfacet
  facet normal -1 0 0
    outer loop
      vertex 100.75 29.3 1.2
      vertex 100.75 39.5 2.2
      vertex 100.75 39.5 1.2
    endloop
  endfacet
  facet normal -1 -0 0
    outer loop
      vertex 100.75 39.5 2.2
      vertex 100.75 29.3 1.2
      vertex 100.75 29.3 2.2
    endloop
  endfacet
  facet normal 0 -1 0
    outer loop
      vertex 100.75 11.1 1.2
      vertex 132.45 11.1 2.2
      vertex 100.75 11.1 2.2
    endloop
  endfacet
  facet normal 0 -1 -0
    outer loop
      vertex 132.45 11.1 2.2
      vertex 100.75 11.1 1.2
      vertex 132.45 11.1 1.2
    endloop
  endfacet
  facet normal 0 -1 0
    outer loop
      vertex 140.45 11.1 1.2
      vertex 171.45 11.1 2.2
      vertex 140.45 11.1 2.2
    endloop
  endfacet
  facet normal 0 -1 -0
    outer loop
      vertex 171.45 11.1 2.2
      vertex 140.45 11.1 1.2
      vertex 171.45 11.1 1.2
    endloop
  endfacet
  facet normal 0 1 -0
    outer loop
      vertex 132.45 39.5 1.2
      vertex 100.75 39.5 2.2
      vertex 132.45 39.5 2.2
    endloop
  endfacet
  facet normal 0 1 0
    outer loop
      vertex 100.75 39.5 2.2
      vertex 132.45 39.5 1.2
      vertex 100.75 39.5 1.2
    endloop
  endfacet
  facet normal 0 1 -0
    outer loop
      vertex 171.45 39.5 1.2
      vertex 140.45 39.5 2.2
      vertex 171.45 39.5 2.2
    endloop
  endfacet
  facet normal 0 1 0
    outer loop
      vertex 140.45 39.5 2.2
      vertex 171.45 39.5 1.2
      vertex 140.45 39.5 1.2
    endloop
  endfacet
  facet normal -1 0 0
    outer loop
      vertex 171.35 21.3 1.2
      vertex 171.35 16.55 1.95
      vertex 171.35 21.3 1.95
    endloop
  endfacet
  facet normal -1 0 0
    outer loop
      vertex 171.35 11.9 1.2
      vertex 171.35 16.55 1.95
      vertex 171.35 21.3 1.2
    endloop
  endfacet
  facet normal -1 -0 0
    outer loop
      vertex 171.35 16.55 1.95
      vertex 171.35 11.9 1.2
      vertex 171.35 15.916 2.01245
    endloop
  endfacet
  facet normal -1 0 0
    outer loop
      vertex 171.35 11.9 1.2
      vertex 171.35 15.3063 2.19739
      vertex 171.35 15.916 2.01245
    endloop
  endfacet
  facet normal -1 0 0
    outer loop
      vertex 171.35 11.9 1.2
      vertex 171.35 15.3014 2.2
      vertex 171.35 15.3063 2.19739
    endloop
  endfacet
  facet normal -1 -0 0
    outer loop
      vertex 171.35 15.3014 2.2
      vertex 171.35 11.9 1.2
      vertex 171.35 11.9 2.2
    endloop
  endfacet
  facet normal -1 0 0
    outer loop
      vertex 171.35 38.7 1.2
      vertex 171.35 35.2986 2.2
      vertex 171.35 38.7 2.2
    endloop
  endfacet
  facet normal -1 0 0
    outer loop
      vertex 171.35 38.7 1.2
      vertex 171.35 35.2937 2.19739
      vertex 171.35 35.2986 2.2
    endloop
  endfacet
  facet normal -1 0 0
    outer loop
      vertex 171.35 38.7 1.2
      vertex 171.35 34.684 2.01245
      vertex 171.35 35.2937 2.19739
    endloop
  endfacet
  facet normal -1 0 0
    outer loop
      vertex 171.35 38.7 1.2
      vertex 171.35 34.05 1.95
      vertex 171.35 34.684 2.01245
    endloop
  endfacet
  facet normal -1 0 0
    outer loop
      vertex 171.35 29.3 1.2
      vertex 171.35 34.05 1.95
      vertex 171.35 38.7 1.2
    endloop
  endfacet
  facet normal -1 -0 0
    outer loop
      vertex 171.35 34.05 1.95
      vertex 171.35 29.3 1.2
      vertex 171.35 29.3 1.95
    endloop
  endfacet
  facet normal 1 -0 0
    outer loop
      vertex 101.55 29.3 2.2
      vertex 101.55 38.7 1.2
      vertex 101.55 38.7 2.2
    endloop
  endfacet
  facet normal 1 0 0
    outer loop
      vertex 101.55 38.7 1.2
      vertex 101.55 29.3 2.2
      vertex 101.55 29.3 1.2
    endloop
  endfacet
  facet normal 1 -0 0
    outer loop
      vertex 101.55 11.9 2.2
      vertex 101.55 21.3 1.2
      vertex 101.55 21.3 2.2
    endloop
  endfacet
  facet normal 1 0 0
    outer loop
      vertex 101.55 21.3 1.2
      vertex 101.55 11.9 2.2
      vertex 101.55 11.9 1.2
    endloop
  endfacet
  facet normal 0 1 -0
    outer loop
      vertex 132.45 11.9 1.2
      vertex 101.55 11.9 2.2
      vertex 132.45 11.9 2.2
    endloop
  endfacet
  facet normal 0 1 0
    outer loop
      vertex 101.55 11.9 2.2
      vertex 132.45 11.9 1.2
      vertex 101.55 11.9 1.2
    endloop
  endfacet
  facet normal 0 1 -0
    outer loop
      vertex 171.35 11.9 1.2
      vertex 140.45 11.9 2.2
      vertex 171.35 11.9 2.2
    endloop
  endfacet
  facet normal 0 1 0
    outer loop
      vertex 140.45 11.9 2.2
      vertex 171.35 11.9 1.2
      vertex 140.45 11.9 1.2
    endloop
  endfacet
  facet normal 0 -1 0
    outer loop
      vertex 101.55 38.7 1.2
      vertex 132.45 38.7 2.2
      vertex 101.55 38.7 2.2
    endloop
  endfacet
  facet normal 0 -1 -0
    outer loop
      vertex 132.45 38.7 2.2
      vertex 101.55 38.7 1.2
      vertex 132.45 38.7 1.2
    endloop
  endfacet
  facet normal 0 -1 0
    outer loop
      vertex 140.45 38.7 1.2
      vertex 171.35 38.7 2.2
      vertex 140.45 38.7 2.2
    endloop
  endfacet
  facet normal 0 -1 -0
    outer loop
      vertex 171.35 38.7 2.2
      vertex 140.45 38.7 1.2
      vertex 171.35 38.7 1.2
    endloop
  endfacet
  facet normal -1 0 0
    outer loop
      vertex 140.45 11.1 1.2
      vertex 140.45 11.9 2.2
      vertex 140.45 11.9 1.2
    endloop
  endfacet
  facet normal -1 -0 0
    outer loop
      vertex 140.45 11.9 2.2
      vertex 140.45 11.1 1.2
      vertex 140.45 11.1 2.2
    endloop
  endfacet
  facet normal -1 0 0
    outer loop
      vertex 140.45 38.7 1.2
      vertex 140.45 39.5 2.2
      vertex 140.45 39.5 1.2
    endloop
  endfacet
  facet normal -1 -0 0
    outer loop
      vertex 140.45 39.5 2.2
      vertex 140.45 38.7 1.2
      vertex 140.45 38.7 2.2
    endloop
  endfacet
  facet normal 1 -0 0
    outer loop
      vertex 132.45 11.1 2.2
      vertex 132.45 11.9 1.2
      vertex 132.45 11.9 2.2
    endloop
  endfacet
  facet normal 1 0 0
    outer loop
      vertex 132.45 11.9 1.2
      vertex 132.45 11.1 2.2
      vertex 132.45 11.1 1.2
    endloop
  endfacet
  facet normal 1 -0 0
    outer loop
      vertex 132.45 38.7 2.2
      vertex 132.45 39.5 1.2
      vertex 132.45 39.5 2.2
    endloop
  endfacet
  facet normal 1 0 0
    outer loop
      vertex 132.45 39.5 1.2
      vertex 132.45 38.7 2.2
      vertex 132.45 38.7 1.2
    endloop
  endfacet
  facet normal 0 1 -0
    outer loop
      vertex 101.55 21.3 1.2
      vertex 100.75 21.3 2.2
      vertex 101.55 21.3 2.2
    endloop
  endfacet
  facet normal 0 1 0
    outer loop
      vertex 100.75 21.3 2.2
      vertex 101.55 21.3 1.2
      vertex 100.75 21.3 1.2
    endloop
  endfacet
  facet normal 0 1 -0
    outer loop
      vertex 171.45 21.3 1.2
      vertex 171.35 21.3 1.95
      vertex 171.45 21.3 1.95
    endloop
  endfacet
  facet normal 0 1 0
    outer loop
      vertex 171.35 21.3 1.95
      vertex 171.45 21.3 1.2
      vertex 171.35 21.3 1.2
    endloop
  endfacet
  facet normal 0 -1 0
    outer loop
      vertex 100.75 29.3 1.2
      vertex 101.55 29.3 2.2
      vertex 100.75 29.3 2.2
    endloop
  endfacet
  facet normal 0 -1 -0
    outer loop
      vertex 101.55 29.3 2.2
      vertex 100.75 29.3 1.2
      vertex 101.55 29.3 1.2
    endloop
  endfacet
  facet normal 0 -1 0
    outer loop
      vertex 171.35 29.3 1.2
      vertex 171.45 29.3 1.95
      vertex 171.35 29.3 1.95
    endloop
  endfacet
  facet normal 0 -1 -0
    outer loop
      vertex 171.45 29.3 1.95
      vertex 171.35 29.3 1.2
      vertex 171.45 29.3 1.2
    endloop
  endfacet
  facet normal 0 0 1
    outer loop
      vertex 154.45 74.5 2.2
      vertex 145.55 73.7 2.2
      vertex 154.45 73.7 2.2
    endloop
  endfacet
  facet normal -0 0 1
    outer loop
      vertex 144.75 74.5 2.2
      vertex 145.55 73.7 2.2
      vertex 154.45 74.5 2.2
    endloop
  endfacet
  facet normal 0 0 1
    outer loop
      vertex 144.75 67.8 2.2
      vertex 145.55 73.7 2.2
      vertex 144.75 74.5 2.2
    endloop
  endfacet
  facet normal 0 0 1
    outer loop
      vertex 145.55 73.7 2.2
      vertex 144.75 67.8 2.2
      vertex 145.55 67.8 2.2
    endloop
  endfacet
  facet normal 0 0 1
    outer loop
      vertex 145.55 59.8 2.2
      vertex 144.75 59.8 2.2
      vertex 145.55 53.9 2.2
    endloop
  endfacet
  facet normal -0 0 1
    outer loop
      vertex 145.55 53.9 2.2
      vertex 154.45 53.1 2.2
      vertex 154.45 53.9 2.2
    endloop
  endfacet
  facet normal 0 0 1
    outer loop
      vertex 145.55 53.9 2.2
      vertex 144.75 53.1 2.2
      vertex 154.45 53.1 2.2
    endloop
  endfacet
  facet normal 0 0 1
    outer loop
      vertex 144.75 53.1 2.2
      vertex 145.55 53.9 2.2
      vertex 144.75 59.8 2.2
    endloop
  endfacet
  facet normal 0 0 1
    outer loop
      vertex 171.35 53.9 2.2
      vertex 171.45 59.8 2.2
      vertex 171.35 59.8 2.2
    endloop
  endfacet
  facet normal 0 0 1
    outer loop
      vertex 171.45 59.8 2.2
      vertex 171.35 53.9 2.2
      vertex 171.45 53.1 2.2
    endloop
  endfacet
  facet normal 0 0 1
    outer loop
      vertex 162.45 53.1 2.2
      vertex 171.35 53.9 2.2
      vertex 162.45 53.9 2.2
    endloop
  endfacet
  facet normal 0 0 1
    outer loop
      vertex 171.35 53.9 2.2
      vertex 162.45 53.1 2.2
      vertex 171.45 53.1 2.2
    endloop
  endfacet
  facet normal 0 0 1
    outer loop
      vertex 171.45 74.5 2.2
      vertex 171.35 73.7 2.2
      vertex 171.45 67.8 2.2
    endloop
  endfacet
  facet normal -0 0 1
    outer loop
      vertex 162.45 74.5 2.2
      vertex 171.35 73.7 2.2
      vertex 171.45 74.5 2.2
    endloop
  endfacet
  facet normal 0 0 1
    outer loop
      vertex 171.35 73.7 2.2
      vertex 162.45 74.5 2.2
      vertex 162.45 73.7 2.2
    endloop
  endfacet
  facet normal 0 0 1
    outer loop
      vertex 171.45 67.8 2.2
      vertex 171.35 73.7 2.2
      vertex 171.35 67.8 2.2
    endloop
  endfacet
  facet normal -1 0 0
    outer loop
      vertex 144.75 53.1 1.2
      vertex 144.75 59.8 2.2
      vertex 144.75 59.8 1.2
    endloop
  endfacet
  facet normal -1 -0 0
    outer loop
      vertex 144.75 59.8 2.2
      vertex 144.75 53.1 1.2
      vertex 144.75 53.1 2.2
    endloop
  endfacet
  facet normal -1 0 0
    outer loop
      vertex 144.75 67.8 1.2
      vertex 144.75 74.5 2.2
      vertex 144.75 74.5 1.2
    endloop
  endfacet
  facet normal -1 -0 0
    outer loop
      vertex 144.75 74.5 2.2
      vertex 144.75 67.8 1.2
      vertex 144.75 67.8 2.2
    endloop
  endfacet
  facet normal 0 -1 0
    outer loop
      vertex 144.75 53.1 1.2
      vertex 154.45 53.1 2.2
      vertex 144.75 53.1 2.2
    endloop
  endfacet
  facet normal 0 -1 -0
    outer loop
      vertex 154.45 53.1 2.2
      vertex 144.75 53.1 1.2
      vertex 154.45 53.1 1.2
    endloop
  endfacet
  facet normal 0 -1 0
    outer loop
      vertex 162.45 53.1 1.2
      vertex 171.45 53.1 2.2
      vertex 162.45 53.1 2.2
    endloop
  endfacet
  facet normal 0 -1 -0
    outer loop
      vertex 171.45 53.1 2.2
      vertex 162.45 53.1 1.2
      vertex 171.45 53.1 1.2
    endloop
  endfacet
  facet normal 0 1 -0
    outer loop
      vertex 154.45 74.5 1.2
      vertex 144.75 74.5 2.2
      vertex 154.45 74.5 2.2
    endloop
  endfacet
  facet normal 0 1 0
    outer loop
      vertex 144.75 74.5 2.2
      vertex 154.45 74.5 1.2
      vertex 144.75 74.5 1.2
    endloop
  endfacet
  facet normal 0 1 -0
    outer loop
      vertex 171.45 74.5 1.2
      vertex 162.45 74.5 2.2
      vertex 171.45 74.5 2.2
    endloop
  endfacet
  facet normal 0 1 0
    outer loop
      vertex 162.45 74.5 2.2
      vertex 171.45 74.5 1.2
      vertex 162.45 74.5 1.2
    endloop
  endfacet
  facet normal -1 0 0
    outer loop
      vertex 171.35 53.9 1.2
      vertex 171.35 59.8 2.2
      vertex 171.35 59.8 1.2
    endloop
  endfacet
  facet normal -1 -0 0
    outer loop
      vertex 171.35 59.8 2.2
      vertex 171.35 53.9 1.2
      vertex 171.35 53.9 2.2
    endloop
  endfacet
  facet normal -1 0 0
    outer loop
      vertex 171.35 67.8 1.2
      vertex 171.35 73.7 2.2
      vertex 171.35 73.7 1.2
    endloop
  endfacet
  facet normal -1 -0 0
    outer loop
      vertex 171.35 73.7 2.2
      vertex 171.35 67.8 1.2
      vertex 171.35 67.8 2.2
    endloop
  endfacet
  facet normal 1 -0 0
    outer loop
      vertex 145.55 53.9 2.2
      vertex 145.55 59.8 1.2
      vertex 145.55 59.8 2.2
    endloop
  endfacet
  facet normal 1 0 0
    outer loop
      vertex 145.55 59.8 1.2
      vertex 145.55 53.9 2.2
      vertex 145.55 53.9 1.2
    endloop
  endfacet
  facet normal 1 -0 0
    outer loop
      vertex 145.55 67.8 2.2
      vertex 145.55 73.7 1.2
      vertex 145.55 73.7 2.2
    endloop
  endfacet
  facet normal 1 0 0
    outer loop
      vertex 145.55 73.7 1.2
      vertex 145.55 67.8 2.2
      vertex 145.55 67.8 1.2
    endloop
  endfacet
  facet normal 0 1 -0
    outer loop
      vertex 154.45 53.9 1.2
      vertex 145.55 53.9 2.2
      vertex 154.45 53.9 2.2
    endloop
  endfacet
  facet normal 0 1 0
    outer loop
      vertex 145.55 53.9 2.2
      vertex 154.45 53.9 1.2
      vertex 145.55 53.9 1.2
    endloop
  endfacet
  facet normal 0 1 -0
    outer loop
      vertex 171.35 53.9 1.2
      vertex 162.45 53.9 2.2
      vertex 171.35 53.9 2.2
    endloop
  endfacet
  facet normal 0 1 0
    outer loop
      vertex 162.45 53.9 2.2
      vertex 171.35 53.9 1.2
      vertex 162.45 53.9 1.2
    endloop
  endfacet
  facet normal 0 -1 0
    outer loop
      vertex 145.55 73.7 1.2
      vertex 154.45 73.7 2.2
      vertex 145.55 73.7 2.2
    endloop
  endfacet
  facet normal 0 -1 -0
    outer loop
      vertex 154.45 73.7 2.2
      vertex 145.55 73.7 1.2
      vertex 154.45 73.7 1.2
    endloop
  endfacet
  facet normal 0 -1 0
    outer loop
      vertex 162.45 73.7 1.2
      vertex 171.35 73.7 2.2
      vertex 162.45 73.7 2.2
    endloop
  endfacet
  facet normal 0 -1 -0
    outer loop
      vertex 171.35 73.7 2.2
      vertex 162.45 73.7 1.2
      vertex 171.35 73.7 1.2
    endloop
  endfacet
  facet normal -1 0 0
    outer loop
      vertex 162.45 53.1 1.2
      vertex 162.45 53.9 2.2
      vertex 162.45 53.9 1.2
    endloop
  endfacet
  facet normal -1 -0 0
    outer loop
      vertex 162.45 53.9 2.2
      vertex 162.45 53.1 1.2
      vertex 162.45 53.1 2.2
    endloop
  endfacet
  facet normal -1 0 0
    outer loop
      vertex 162.45 73.7 1.2
      vertex 162.45 74.5 2.2
      vertex 162.45 74.5 1.2
    endloop
  endfacet
  facet normal -1 -0 0
    outer loop
      vertex 162.45 74.5 2.2
      vertex 162.45 73.7 1.2
      vertex 162.45 73.7 2.2
    endloop
  endfacet
  facet normal 1 -0 0
    outer loop
      vertex 154.45 53.1 2.2
      vertex 154.45 53.9 1.2
      vertex 154.45 53.9 2.2
    endloop
  endfacet
  facet normal 1 0 0
    outer loop
      vertex 154.45 53.9 1.2
      vertex 154.45 53.1 2.2
      vertex 154.45 53.1 1.2
    endloop
  endfacet
  facet normal 1 -0 0
    outer loop
      vertex 154.45 73.7 2.2
      vertex 154.45 74.5 1.2
      vertex 154.45 74.5 2.2
    endloop
  endfacet
  facet normal 1 0 0
    outer loop
      vertex 154.45 74.5 1.2
      vertex 154.45 73.7 2.2
      vertex 154.45 73.7 1.2
    endloop
  endfacet
  facet normal 0 1 -0
    outer loop
      vertex 145.55 59.8 1.2
      vertex 144.75 59.8 2.2
      vertex 145.55 59.8 2.2
    endloop
  endfacet
  facet normal 0 1 0
    outer loop
      vertex 144.75 59.8 2.2
      vertex 145.55 59.8 1.2
      vertex 144.75 59.8 1.2
    endloop
  endfacet
  facet normal 0 1 -0
    outer loop
      vertex 171.45 59.8 1.2
      vertex 171.35 59.8 2.2
      vertex 171.45 59.8 2.2
    endloop
  endfacet
  facet normal 0 1 0
    outer loop
      vertex 171.35 59.8 2.2
      vertex 171.45 59.8 1.2
      vertex 171.35 59.8 1.2
    endloop
  endfacet
  facet normal 0 -1 0
    outer loop
      vertex 144.75 67.8 1.2
      vertex 145.55 67.8 2.2
      vertex 144.75 67.8 2.2
    endloop
  endfacet
  facet normal 0 -1 -0
    outer loop
      vertex 145.55 67.8 2.2
      vertex 144.75 67.8 1.2
      vertex 145.55 67.8 1.2
    endloop
  endfacet
  facet normal 0 -1 0
    outer loop
      vertex 171.35 67.8 1.2
      vertex 171.45 67.8 2.2
      vertex 171.35 67.8 2.2
    endloop
  endfacet
  facet normal 0 -1 -0
    outer loop
      vertex 171.45 67.8 2.2
      vertex 171.35 67.8 1.2
      vertex 171.45 67.8 1.2
    endloop
  endfacet
  facet normal 1 0 0
    outer loop
      vertex 66 26.3 7.1
      vertex 66 23.3 5.9
      vertex 66 26.3 1.2
    endloop
  endfacet
  facet normal 1 0 0
    outer loop
      vertex 66 26.3 7.1
      vertex 66 7.3 5.9
      vertex 66 23.3 5.9
    endloop
  endfacet
  facet normal 1 -0 0
    outer loop
      vertex 66 4.3 7.1
      vertex 66 7.3 5.9
      vertex 66 26.3 7.1
    endloop
  endfacet
  facet normal 1 0 0
    outer loop
      vertex 66 4.3 1.2
      vertex 66 7.3 5.9
      vertex 66 4.3 7.1
    endloop
  endfacet
  facet normal 1 0 0
    outer loop
      vertex 66 7.3 5.9
      vertex 66 4.3 1.2
      vertex 66 7.3 1.2
    endloop
  endfacet
  facet normal 1 0 0
    outer loop
      vertex 66 26.3 1.2
      vertex 66 23.3 5.9
      vertex 66 23.3 1.2
    endloop
  endfacet
  facet normal -0 0 1
    outer loop
      vertex 58 26.3 7.1
      vertex 66 4.3 7.1
      vertex 66 26.3 7.1
    endloop
  endfacet
  facet normal 0 0 1
    outer loop
      vertex 66 4.3 7.1
      vertex 58 26.3 7.1
      vertex 58 4.3 7.1
    endloop
  endfacet
  facet normal -1 0 0
    outer loop
      vertex 58 7.3 1.2
      vertex 58 4.3 1.2
      vertex 58 7.3 5.9
    endloop
  endfacet
  facet normal -1 0 0
    outer loop
      vertex 58 23.3 5.9
      vertex 58 26.3 1.2
      vertex 58 23.3 1.2
    endloop
  endfacet
  facet normal -1 0 0
    outer loop
      vertex 58 26.3 1.2
      vertex 58 23.3 5.9
      vertex 58 26.3 7.1
    endloop
  endfacet
  facet normal -1 0 0
    outer loop
      vertex 58 7.3 5.9
      vertex 58 26.3 7.1
      vertex 58 23.3 5.9
    endloop
  endfacet
  facet normal -1 0 0
    outer loop
      vertex 58 7.3 5.9
      vertex 58 4.3 7.1
      vertex 58 26.3 7.1
    endloop
  endfacet
  facet normal -1 0 0
    outer loop
      vertex 58 4.3 7.1
      vertex 58 7.3 5.9
      vertex 58 4.3 1.2
    endloop
  endfacet
  facet normal 0 -1 0
    outer loop
      vertex 58 23.3 1.2
      vertex 66 23.3 5.9
      vertex 58 23.3 5.9
    endloop
  endfacet
  facet normal 0 -1 -0
    outer loop
      vertex 66 23.3 5.9
      vertex 58 23.3 1.2
      vertex 66 23.3 1.2
    endloop
  endfacet
  facet normal 0 1 -0
    outer loop
      vertex 66 26.3 1.2
      vertex 58 26.3 7.1
      vertex 66 26.3 7.1
    endloop
  endfacet
  facet normal 0 1 0
    outer loop
      vertex 58 26.3 7.1
      vertex 66 26.3 1.2
      vertex 58 26.3 1.2
    endloop
  endfacet
  facet normal 0 -1 0
    outer loop
      vertex 58 4.3 1.2
      vertex 66 4.3 7.1
      vertex 58 4.3 7.1
    endloop
  endfacet
  facet normal 0 -1 -0
    outer loop
      vertex 66 4.3 7.1
      vertex 58 4.3 1.2
      vertex 66 4.3 1.2
    endloop
  endfacet
  facet normal 0 1 -0
    outer loop
      vertex 66 7.3 1.2
      vertex 58 7.3 5.9
      vertex 66 7.3 5.9
    endloop
  endfacet
  facet normal 0 1 0
    outer loop
      vertex 58 7.3 5.9
      vertex 66 7.3 1.2
      vertex 58 7.3 1.2
    endloop
  endfacet
  facet normal -0.0979429 0.995192 0
    outer loop
      vertex 5 118.3 5.72205e-07
      vertex 4.02455 118.204 1.2
      vertex 5 118.3 1.2
    endloop
  endfacet
  facet normal -0.0979429 0.995192 0
    outer loop
      vertex 4.02455 118.204 1.2
      vertex 5 118.3 5.72205e-07
      vertex 4.02455 118.204 5.72205e-07
    endloop
  endfacet
  facet normal 0.471117 0.882071 -0
    outer loop
      vertex 172.578 117.457 5.72205e-07
      vertex 171.713 117.919 1.2
      vertex 172.578 117.457 1.2
    endloop
  endfacet
  facet normal 0.471117 0.882071 0
    outer loop
      vertex 171.713 117.919 1.2
      vertex 172.578 117.457 5.72205e-07
      vertex 171.713 117.919 5.72205e-07
    endloop
  endfacet
  facet normal -0.995185 -0.098013 0
    outer loop
      vertex 0.0960693 4.02456 5.72205e-07
      vertex 0 5.00001 1.2
      vertex 0 5.00001 5.72205e-07
    endloop
  endfacet
  facet normal -0.995185 -0.098013 0
    outer loop
      vertex 0 5.00001 1.2
      vertex 0.0960693 4.02456 5.72205e-07
      vertex 0.0960693 4.02456 1.2
    endloop
  endfacet
  facet normal 0 1 -0
    outer loop
      vertex 169.8 118.3 5.72205e-07
      vertex 5 118.3 1.2
      vertex 169.8 118.3 1.2
    endloop
  endfacet
  facet normal 0 1 0
    outer loop
      vertex 5 118.3 1.2
      vertex 169.8 118.3 5.72205e-07
      vertex 5 118.3 5.72205e-07
    endloop
  endfacet
  facet normal 0.290715 0.95681 -0
    outer loop
      vertex 171.713 117.919 5.72205e-07
      vertex 170.775 118.204 1.2
      vertex 171.713 117.919 1.2
    endloop
  endfacet
  facet normal 0.290715 0.95681 0
    outer loop
      vertex 170.775 118.204 1.2
      vertex 171.713 117.919 5.72205e-07
      vertex 170.775 118.204 5.72205e-07
    endloop
  endfacet
  facet normal -0.290724 0.956807 0
    outer loop
      vertex 4.02455 118.204 5.72205e-07
      vertex 3.08658 117.919 1.2
      vertex 4.02455 118.204 1.2
    endloop
  endfacet
  facet normal -0.290724 0.956807 0
    outer loop
      vertex 3.08658 117.919 1.2
      vertex 4.02455 118.204 5.72205e-07
      vertex 3.08658 117.919 5.72205e-07
    endloop
  endfacet
  facet normal 0.0979877 0.995188 -0
    outer loop
      vertex 170.775 118.204 5.72205e-07
      vertex 169.8 118.3 1.2
      vertex 170.775 118.204 1.2
    endloop
  endfacet
  facet normal 0.0979877 0.995188 0
    outer loop
      vertex 169.8 118.3 1.2
      vertex 170.775 118.204 5.72205e-07
      vertex 169.8 118.3 5.72205e-07
    endloop
  endfacet
  facet normal -0.995181 0.0980578 0
    outer loop
      vertex 0 113.3 5.72205e-07
      vertex 0.0960693 114.275 1.2
      vertex 0.0960693 114.275 5.72205e-07
    endloop
  endfacet
  facet normal -0.995181 0.0980578 0
    outer loop
      vertex 0.0960693 114.275 1.2
      vertex 0 113.3 5.72205e-07
      vertex 0 113.3 1.2
    endloop
  endfacet
  facet normal -0.290285 -0.95694 0
    outer loop
      vertex 3.08658 0.380612 5.72205e-07
      vertex 4.02455 0.0960815 1.2
      vertex 3.08658 0.380612 1.2
    endloop
  endfacet
  facet normal -0.290285 -0.95694 -0
    outer loop
      vertex 4.02455 0.0960815 1.2
      vertex 3.08658 0.380612 5.72205e-07
      vertex 4.02455 0.0960815 5.72205e-07
    endloop
  endfacet
  facet normal 0.471159 -0.882048 0
    outer loop
      vertex 171.713 0.380612 5.72205e-07
      vertex 172.578 0.842664 1.2
      vertex 171.713 0.380612 1.2
    endloop
  endfacet
  facet normal 0.471159 -0.882048 0
    outer loop
      vertex 172.578 0.842664 1.2
      vertex 171.713 0.380612 5.72205e-07
      vertex 172.578 0.842664 5.72205e-07
    endloop
  endfacet
  facet normal 0.882071 0.471117 0
    outer loop
      vertex 174.419 115.213 1.2
      vertex 173.957 116.078 5.72205e-07
      vertex 173.957 116.078 1.2
    endloop
  endfacet
  facet normal 0.882071 0.471117 0
    outer loop
      vertex 173.957 116.078 5.72205e-07
      vertex 174.419 115.213 1.2
      vertex 174.419 115.213 5.72205e-07
    endloop
  endfacet
  facet normal -1 0 0
    outer loop
      vertex 0 53.15 5.72205e-07
      vertex 0 5.00001 5.72205e-07
      vertex 0 53.15 0.800001
    endloop
  endfacet
  facet normal -1 0 0
    outer loop
      vertex 0 65.15 5.72205e-07
      vertex 0 113.3 1.2
      vertex 0 113.3 5.72205e-07
    endloop
  endfacet
  facet normal -1 0 0
    outer loop
      vertex 0 65.15 0.800001
      vertex 0 113.3 1.2
      vertex 0 65.15 5.72205e-07
    endloop
  endfacet
  facet normal -1 0 0
    outer loop
      vertex 0 53.15 0.800001
      vertex 0 113.3 1.2
      vertex 0 65.15 0.800001
    endloop
  endfacet
  facet normal -1 0 0
    outer loop
      vertex 0 53.15 0.800001
      vertex 0 5.00001 1.2
      vertex 0 113.3 1.2
    endloop
  endfacet
  facet normal -1 0 0
    outer loop
      vertex 0 5.00001 1.2
      vertex 0 53.15 0.800001
      vertex 0 5.00001 5.72205e-07
    endloop
  endfacet
  facet normal -0.95694 -0.290285 0
    outer loop
      vertex 0.3806 3.08659 5.72205e-07
      vertex 0.0960693 4.02456 1.2
      vertex 0.0960693 4.02456 5.72205e-07
    endloop
  endfacet
  facet normal -0.95694 -0.290285 0
    outer loop
      vertex 0.0960693 4.02456 1.2
      vertex 0.3806 3.08659 5.72205e-07
      vertex 0.3806 3.08659 1.2
    endloop
  endfacet
  facet normal -0.4714 -0.881919 0
    outer loop
      vertex 2.22215 0.842664 5.72205e-07
      vertex 3.08658 0.380612 1.2
      vertex 2.22215 0.842664 1.2
    endloop
  endfacet
  facet normal -0.4714 -0.881919 -0
    outer loop
      vertex 3.08658 0.380612 1.2
      vertex 2.22215 0.842664 5.72205e-07
      vertex 3.08658 0.380612 5.72205e-07
    endloop
  endfacet
  facet normal -0.098013 -0.995185 0
    outer loop
      vertex 4.02455 0.0960815 5.72205e-07
      vertex 5 1.2207e-05 1.2
      vertex 4.02455 0.0960815 1.2
    endloop
  endfacet
  facet normal -0.098013 -0.995185 -0
    outer loop
      vertex 5 1.2207e-05 1.2
      vertex 4.02455 0.0960815 5.72205e-07
      vertex 5 1.2207e-05 5.72205e-07
    endloop
  endfacet
  facet normal 0.95681 0.290715 0
    outer loop
      vertex 174.704 114.275 1.2
      vertex 174.419 115.213 5.72205e-07
      vertex 174.419 115.213 1.2
    endloop
  endfacet
  facet normal 0.95681 0.290715 0
    outer loop
      vertex 174.419 115.213 5.72205e-07
      vertex 174.704 114.275 1.2
      vertex 174.704 114.275 5.72205e-07
    endloop
  endfacet
  facet normal 0.773421 -0.633893 0
    outer loop
      vertex 173.336 1.46447 1.2
      vertex 173.957 2.22216 5.72205e-07
      vertex 173.957 2.22216 1.2
    endloop
  endfacet
  facet normal 0.773421 -0.633893 0
    outer loop
      vertex 173.957 2.22216 5.72205e-07
      vertex 173.336 1.46447 1.2
      vertex 173.336 1.46447 5.72205e-07
    endloop
  endfacet
  facet normal 0 -1 0
    outer loop
      vertex 5 1.2207e-05 5.72205e-07
      vertex 169.8 1.2207e-05 1.2
      vertex 5 1.2207e-05 1.2
    endloop
  endfacet
  facet normal 0 -1 -0
    outer loop
      vertex 169.8 1.2207e-05 1.2
      vertex 5 1.2207e-05 5.72205e-07
      vertex 169.8 1.2207e-05 5.72205e-07
    endloop
  endfacet
  facet normal -0.88192 -0.4714 0
    outer loop
      vertex 0.842651 2.22216 5.72205e-07
      vertex 0.3806 3.08659 1.2
      vertex 0.3806 3.08659 5.72205e-07
    endloop
  endfacet
  facet normal -0.88192 -0.4714 0
    outer loop
      vertex 0.3806 3.08659 1.2
      vertex 0.842651 2.22216 5.72205e-07
      vertex 0.842651 2.22216 1.2
    endloop
  endfacet
  facet normal -0.471359 0.881941 0
    outer loop
      vertex 3.08658 117.919 5.72205e-07
      vertex 2.22215 117.457 1.2
      vertex 3.08658 117.919 1.2
    endloop
  endfacet
  facet normal -0.471359 0.881941 0
    outer loop
      vertex 2.22215 117.457 1.2
      vertex 3.08658 117.919 5.72205e-07
      vertex 2.22215 117.457 5.72205e-07
    endloop
  endfacet
  facet normal -0.773016 -0.634387 0
    outer loop
      vertex 1.46446 1.46447 5.72205e-07
      vertex 0.842651 2.22216 1.2
      vertex 0.842651 2.22216 5.72205e-07
    endloop
  endfacet
  facet normal -0.773016 -0.634387 0
    outer loop
      vertex 0.842651 2.22216 1.2
      vertex 1.46446 1.46447 5.72205e-07
      vertex 1.46446 1.46447 1.2
    endloop
  endfacet
  facet normal 0.881941 -0.471359 0
    outer loop
      vertex 173.957 2.22216 1.2
      vertex 174.419 3.08659 5.72205e-07
      vertex 174.419 3.08659 1.2
    endloop
  endfacet
  facet normal 0.881941 -0.471359 0
    outer loop
      vertex 174.419 3.08659 5.72205e-07
      vertex 173.957 2.22216 1.2
      vertex 173.957 2.22216 5.72205e-07
    endloop
  endfacet
  facet normal 1 -0 0
    outer loop
      vertex 174.8 5.00001 1.2
      vertex 174.8 113.3 5.72205e-07
      vertex 174.8 113.3 1.2
    endloop
  endfacet
  facet normal 1 0 0
    outer loop
      vertex 174.8 113.3 5.72205e-07
      vertex 174.8 5.00001 1.2
      vertex 174.8 5.00001 5.72205e-07
    endloop
  endfacet
  facet normal -0.634385 -0.773018 0
    outer loop
      vertex 1.46446 1.46447 5.72205e-07
      vertex 2.22215 0.842664 1.2
      vertex 1.46446 1.46447 1.2
    endloop
  endfacet
  facet normal -0.634385 -0.773018 -0
    outer loop
      vertex 2.22215 0.842664 1.2
      vertex 1.46446 1.46447 5.72205e-07
      vertex 2.22215 0.842664 5.72205e-07
    endloop
  endfacet
  facet normal 0.63423 -0.773145 0
    outer loop
      vertex 172.578 0.842664 5.72205e-07
      vertex 173.336 1.46447 1.2
      vertex 172.578 0.842664 1.2
    endloop
  endfacet
  facet normal 0.63423 -0.773145 0
    outer loop
      vertex 173.336 1.46447 1.2
      vertex 172.578 0.842664 5.72205e-07
      vertex 173.336 1.46447 5.72205e-07
    endloop
  endfacet
  facet normal -0.633893 0.773421 0
    outer loop
      vertex 2.22215 117.457 5.72205e-07
      vertex 1.46446 116.836 1.2
      vertex 2.22215 117.457 1.2
    endloop
  endfacet
  facet normal -0.633893 0.773421 0
    outer loop
      vertex 1.46446 116.836 1.2
      vertex 2.22215 117.457 5.72205e-07
      vertex 1.46446 116.836 5.72205e-07
    endloop
  endfacet
  facet normal 0.995192 -0.0979429 0
    outer loop
      vertex 174.704 4.02456 1.2
      vertex 174.8 5.00001 5.72205e-07
      vertex 174.8 5.00001 1.2
    endloop
  endfacet
  facet normal 0.995192 -0.0979429 0
    outer loop
      vertex 174.8 5.00001 5.72205e-07
      vertex 174.704 4.02456 1.2
      vertex 174.704 4.02456 5.72205e-07
    endloop
  endfacet
  facet normal 0 0 -1
    outer loop
      vertex 0 113.3 5.72205e-07
      vertex 5 118.3 5.72205e-07
      vertex 2 65.15 5.72205e-07
    endloop
  endfacet
  facet normal 0 0 -1
    outer loop
      vertex 5 118.3 5.72205e-07
      vertex 0 113.3 5.72205e-07
      vertex 2.22215 117.457 5.72205e-07
    endloop
  endfacet
  facet normal 0 0 -1
    outer loop
      vertex 2.22215 117.457 5.72205e-07
      vertex 0 113.3 5.72205e-07
      vertex 1.46446 116.836 5.72205e-07
    endloop
  endfacet
  facet normal 0 0 -1
    outer loop
      vertex 1.46446 116.836 5.72205e-07
      vertex 0 113.3 5.72205e-07
      vertex 0.842651 116.078 5.72205e-07
    endloop
  endfacet
  facet normal 0 0 -1
    outer loop
      vertex 0.842651 116.078 5.72205e-07
      vertex 0 113.3 5.72205e-07
      vertex 0.3806 115.213 5.72205e-07
    endloop
  endfacet
  facet normal 0 0 -1
    outer loop
      vertex 0 113.3 5.72205e-07
      vertex 2 65.15 5.72205e-07
      vertex 0 65.15 5.72205e-07
    endloop
  endfacet
  facet normal 0 0 -1
    outer loop
      vertex 0.3806 115.213 5.72205e-07
      vertex 0 113.3 5.72205e-07
      vertex 0.0960693 114.275 5.72205e-07
    endloop
  endfacet
  facet normal 0 0 -1
    outer loop
      vertex 169.8 1.2207e-05 5.72205e-07
      vertex 174.8 5.00001 5.72205e-07
      vertex 174.704 4.02456 5.72205e-07
    endloop
  endfacet
  facet normal 0 0 -1
    outer loop
      vertex 174.8 5.00001 5.72205e-07
      vertex 67 21.3 5.72205e-07
      vertex 174.8 113.3 5.72205e-07
    endloop
  endfacet
  facet normal 0 0 -1
    outer loop
      vertex 169.8 1.2207e-05 5.72205e-07
      vertex 174.704 4.02456 5.72205e-07
      vertex 174.419 3.08659 5.72205e-07
    endloop
  endfacet
  facet normal -0 0 -1
    outer loop
      vertex 174.8 5.00001 5.72205e-07
      vertex 169.8 1.2207e-05 5.72205e-07
      vertex 67 21.3 5.72205e-07
    endloop
  endfacet
  facet normal 0 0 -1
    outer loop
      vertex 169.8 1.2207e-05 5.72205e-07
      vertex 174.419 3.08659 5.72205e-07
      vertex 173.957 2.22216 5.72205e-07
    endloop
  endfacet
  facet normal 0 -0 -1
    outer loop
      vertex 169.8 118.3 5.72205e-07
      vertex 174.8 113.3 5.72205e-07
      vertex 67 21.3 5.72205e-07
    endloop
  endfacet
  facet normal 0 0 -1
    outer loop
      vertex 169.8 1.2207e-05 5.72205e-07
      vertex 173.957 2.22216 5.72205e-07
      vertex 173.336 1.46447 5.72205e-07
    endloop
  endfacet
  facet normal 0 0 -1
    outer loop
      vertex 174.704 114.275 5.72205e-07
      vertex 169.8 118.3 5.72205e-07
      vertex 174.419 115.213 5.72205e-07
    endloop
  endfacet
  facet normal 0 0 -1
    outer loop
      vertex 169.8 1.2207e-05 5.72205e-07
      vertex 173.336 1.46447 5.72205e-07
      vertex 172.578 0.842664 5.72205e-07
    endloop
  endfacet
  facet normal 0 0 -1
    outer loop
      vertex 174.419 115.213 5.72205e-07
      vertex 169.8 118.3 5.72205e-07
      vertex 173.957 116.078 5.72205e-07
    endloop
  endfacet
  facet normal 0 0 -1
    outer loop
      vertex 169.8 1.2207e-05 5.72205e-07
      vertex 172.578 0.842664 5.72205e-07
      vertex 171.713 0.380612 5.72205e-07
    endloop
  endfacet
  facet normal 0 0 -1
    outer loop
      vertex 173.957 116.078 5.72205e-07
      vertex 169.8 118.3 5.72205e-07
      vertex 173.336 116.836 5.72205e-07
    endloop
  endfacet
  facet normal 0 0 -1
    outer loop
      vertex 169.8 1.2207e-05 5.72205e-07
      vertex 171.713 0.380612 5.72205e-07
      vertex 170.775 0.0960815 5.72205e-07
    endloop
  endfacet
  facet normal 0 0 -1
    outer loop
      vertex 173.336 116.836 5.72205e-07
      vertex 169.8 118.3 5.72205e-07
      vertex 172.578 117.457 5.72205e-07
    endloop
  endfacet
  facet normal 0 0 -1
    outer loop
      vertex 172.578 117.457 5.72205e-07
      vertex 169.8 118.3 5.72205e-07
      vertex 171.713 117.919 5.72205e-07
    endloop
  endfacet
  facet normal 0 0 -1
    outer loop
      vertex 171.713 117.919 5.72205e-07
      vertex 169.8 118.3 5.72205e-07
      vertex 170.775 118.204 5.72205e-07
    endloop
  endfacet
  facet normal 0 0 -1
    outer loop
      vertex 67 21.3 5.72205e-07
      vertex 169.8 1.2207e-05 5.72205e-07
      vertex 67 9.3 5.72205e-07
    endloop
  endfacet
  facet normal 0 0 -1
    outer loop
      vertex 5 1.2207e-05 5.72205e-07
      vertex 67 9.3 5.72205e-07
      vertex 169.8 1.2207e-05 5.72205e-07
    endloop
  endfacet
  facet normal -0 0 -1
    outer loop
      vertex 50 9.3 5.72205e-07
      vertex 5 1.2207e-05 5.72205e-07
      vertex 50 21.3 5.72205e-07
    endloop
  endfacet
  facet normal -0 0 -1
    outer loop
      vertex 67 9.3 5.72205e-07
      vertex 5 1.2207e-05 5.72205e-07
      vertex 50 9.3 5.72205e-07
    endloop
  endfacet
  facet normal 0 0 -1
    outer loop
      vertex 174.8 113.3 5.72205e-07
      vertex 169.8 118.3 5.72205e-07
      vertex 174.704 114.275 5.72205e-07
    endloop
  endfacet
  facet normal 0 0 -1
    outer loop
      vertex 2 65.15 5.72205e-07
      vertex 67 21.3 5.72205e-07
      vertex 50 21.3 5.72205e-07
    endloop
  endfacet
  facet normal 0 0 -1
    outer loop
      vertex 0 5.00001 5.72205e-07
      vertex 50 21.3 5.72205e-07
      vertex 5 1.2207e-05 5.72205e-07
    endloop
  endfacet
  facet normal 0 0 -1
    outer loop
      vertex 2 65.15 5.72205e-07
      vertex 50 21.3 5.72205e-07
      vertex 2 53.15 5.72205e-07
    endloop
  endfacet
  facet normal 0 0 -1
    outer loop
      vertex 0 5.00001 5.72205e-07
      vertex 5 1.2207e-05 5.72205e-07
      vertex 4.02455 0.0960815 5.72205e-07
    endloop
  endfacet
  facet normal 0 0 -1
    outer loop
      vertex 67 21.3 5.72205e-07
      vertex 5 118.3 5.72205e-07
      vertex 169.8 118.3 5.72205e-07
    endloop
  endfacet
  facet normal 0 0 -1
    outer loop
      vertex 0 5.00001 5.72205e-07
      vertex 4.02455 0.0960815 5.72205e-07
      vertex 3.08658 0.380612 5.72205e-07
    endloop
  endfacet
  facet normal 0 0 -1
    outer loop
      vertex 67 21.3 5.72205e-07
      vertex 2 65.15 5.72205e-07
      vertex 5 118.3 5.72205e-07
    endloop
  endfacet
  facet normal 0 0 -1
    outer loop
      vertex 0 5.00001 5.72205e-07
      vertex 3.08658 0.380612 5.72205e-07
      vertex 2.22215 0.842664 5.72205e-07
    endloop
  endfacet
  facet normal 0 0 -1
    outer loop
      vertex 5 118.3 5.72205e-07
      vertex 2.22215 117.457 5.72205e-07
      vertex 4.02455 118.204 5.72205e-07
    endloop
  endfacet
  facet normal 0 0 -1
    outer loop
      vertex 4.02455 118.204 5.72205e-07
      vertex 2.22215 117.457 5.72205e-07
      vertex 3.08658 117.919 5.72205e-07
    endloop
  endfacet
  facet normal 0 0 -1
    outer loop
      vertex 0 5.00001 5.72205e-07
      vertex 2.22215 0.842664 5.72205e-07
      vertex 1.46446 1.46447 5.72205e-07
    endloop
  endfacet
  facet normal 0 0 -1
    outer loop
      vertex 0 5.00001 5.72205e-07
      vertex 1.46446 1.46447 5.72205e-07
      vertex 0.842651 2.22216 5.72205e-07
    endloop
  endfacet
  facet normal 0 0 -1
    outer loop
      vertex 0 5.00001 5.72205e-07
      vertex 0.842651 2.22216 5.72205e-07
      vertex 0.3806 3.08659 5.72205e-07
    endloop
  endfacet
  facet normal 0 0 -1
    outer loop
      vertex 0 5.00001 5.72205e-07
      vertex 0.3806 3.08659 5.72205e-07
      vertex 0.0960693 4.02456 5.72205e-07
    endloop
  endfacet
  facet normal -0 0 -1
    outer loop
      vertex 50 21.3 5.72205e-07
      vertex 0 5.00001 5.72205e-07
      vertex 2 53.15 5.72205e-07
    endloop
  endfacet
  facet normal -0 0 -1
    outer loop
      vertex 2 53.15 5.72205e-07
      vertex 0 5.00001 5.72205e-07
      vertex 0 53.15 5.72205e-07
    endloop
  endfacet
  facet normal -0.882049 0.471158 0
    outer loop
      vertex 0.3806 115.213 5.72205e-07
      vertex 0.842651 116.078 1.2
      vertex 0.842651 116.078 5.72205e-07
    endloop
  endfacet
  facet normal -0.882049 0.471158 0
    outer loop
      vertex 0.842651 116.078 1.2
      vertex 0.3806 115.213 5.72205e-07
      vertex 0.3806 115.213 1.2
    endloop
  endfacet
  facet normal 0.995188 0.0979877 0
    outer loop
      vertex 174.8 113.3 1.2
      vertex 174.704 114.275 5.72205e-07
      vertex 174.704 114.275 1.2
    endloop
  endfacet
  facet normal 0.995188 0.0979877 0
    outer loop
      vertex 174.704 114.275 5.72205e-07
      vertex 174.8 113.3 1.2
      vertex 174.8 113.3 5.72205e-07
    endloop
  endfacet
  facet normal 0.0980578 -0.995181 0
    outer loop
      vertex 169.8 1.2207e-05 5.72205e-07
      vertex 170.775 0.0960815 1.2
      vertex 169.8 1.2207e-05 1.2
    endloop
  endfacet
  facet normal 0.0980578 -0.995181 0
    outer loop
      vertex 170.775 0.0960815 1.2
      vertex 169.8 1.2207e-05 5.72205e-07
      vertex 170.775 0.0960815 5.72205e-07
    endloop
  endfacet
  facet normal -0.956943 0.290277 0
    outer loop
      vertex 0.0960693 114.275 5.72205e-07
      vertex 0.3806 115.213 1.2
      vertex 0.3806 115.213 5.72205e-07
    endloop
  endfacet
  facet normal -0.956943 0.290277 0
    outer loop
      vertex 0.3806 115.213 1.2
      vertex 0.0960693 114.275 5.72205e-07
      vertex 0.0960693 114.275 1.2
    endloop
  endfacet
  facet normal 0.956807 -0.290724 0
    outer loop
      vertex 174.419 3.08659 1.2
      vertex 174.704 4.02456 5.72205e-07
      vertex 174.704 4.02456 1.2
    endloop
  endfacet
  facet normal 0.956807 -0.290724 0
    outer loop
      vertex 174.704 4.02456 5.72205e-07
      vertex 174.419 3.08659 1.2
      vertex 174.419 3.08659 5.72205e-07
    endloop
  endfacet
  facet normal -0.773143 0.634231 0
    outer loop
      vertex 0.842651 116.078 5.72205e-07
      vertex 1.46446 116.836 1.2
      vertex 1.46446 116.836 5.72205e-07
    endloop
  endfacet
  facet normal -0.773143 0.634231 0
    outer loop
      vertex 1.46446 116.836 1.2
      vertex 0.842651 116.078 5.72205e-07
      vertex 0.842651 116.078 1.2
    endloop
  endfacet
  facet normal 0.290277 -0.956943 0
    outer loop
      vertex 170.775 0.0960815 5.72205e-07
      vertex 171.713 0.380612 1.2
      vertex 170.775 0.0960815 1.2
    endloop
  endfacet
  facet normal 0.290277 -0.956943 0
    outer loop
      vertex 171.713 0.380612 1.2
      vertex 170.775 0.0960815 5.72205e-07
      vertex 171.713 0.380612 5.72205e-07
    endloop
  endfacet
  facet normal 0.773548 0.633738 0
    outer loop
      vertex 173.957 116.078 1.2
      vertex 173.336 116.836 5.72205e-07
      vertex 173.336 116.836 1.2
    endloop
  endfacet
  facet normal 0.773548 0.633738 0
    outer loop
      vertex 173.336 116.836 5.72205e-07
      vertex 173.957 116.078 1.2
      vertex 173.957 116.078 5.72205e-07
    endloop
  endfacet
  facet normal 0.633738 0.773548 -0
    outer loop
      vertex 173.336 116.836 5.72205e-07
      vertex 172.578 117.457 1.2
      vertex 173.336 116.836 1.2
    endloop
  endfacet
  facet normal 0.633738 0.773548 0
    outer loop
      vertex 172.578 117.457 1.2
      vertex 173.336 116.836 5.72205e-07
      vertex 172.578 117.457 5.72205e-07
    endloop
  endfacet
  facet normal 0 0 -1
    outer loop
      vertex 66 7.3 5.9
      vertex 65.1 12.2 5.9
      vertex 66 23.3 5.9
    endloop
  endfacet
  facet normal 0 0 -1
    outer loop
      vertex 66 7.3 5.9
      vertex 58.9 12.2 5.9
      vertex 65.1 12.2 5.9
    endloop
  endfacet
  facet normal -0 0 -1
    outer loop
      vertex 58.9 12.2 5.9
      vertex 58 7.3 5.9
      vertex 58.9 18.4 5.9
    endloop
  endfacet
  facet normal 0 0 -1
    outer loop
      vertex 58 7.3 5.9
      vertex 58.9 12.2 5.9
      vertex 66 7.3 5.9
    endloop
  endfacet
  facet normal 0 0 -1
    outer loop
      vertex 65.1 18.4 5.9
      vertex 66 23.3 5.9
      vertex 65.1 12.2 5.9
    endloop
  endfacet
  facet normal 0 0 -1
    outer loop
      vertex 58.9 18.4 5.9
      vertex 66 23.3 5.9
      vertex 65.1 18.4 5.9
    endloop
  endfacet
  facet normal 0 0 -1
    outer loop
      vertex 58.9 18.4 5.9
      vertex 58 23.3 5.9
      vertex 66 23.3 5.9
    endloop
  endfacet
  facet normal 0 0 -1
    outer loop
      vertex 58 23.3 5.9
      vertex 58.9 18.4 5.9
      vertex 58 7.3 5.9
    endloop
  endfacet
  facet normal -1 0 0
    outer loop
      vertex 67 9.3 5.72205e-07
      vertex 67 21.3 1.2
      vertex 67 21.3 5.72205e-07
    endloop
  endfacet
  facet normal -1 -0 0
    outer loop
      vertex 67 21.3 1.2
      vertex 67 9.3 5.72205e-07
      vertex 67 9.3 1.2
    endloop
  endfacet
  facet normal 1 0 0
    outer loop
      vertex 50 10.3 1.2
      vertex 50 9.3 1.2
      vertex 50 10.3 0.4
    endloop
  endfacet
  facet normal 1 0 0
    outer loop
      vertex 50 20.3 0.4
      vertex 50 21.3 1.2
      vertex 50 20.3 1.2
    endloop
  endfacet
  facet normal 1 0 0
    outer loop
      vertex 50 21.3 1.2
      vertex 50 20.3 0.4
      vertex 50 21.3 5.72205e-07
    endloop
  endfacet
  facet normal 1 -0 0
    outer loop
      vertex 50 10.3 0.4
      vertex 50 21.3 5.72205e-07
      vertex 50 20.3 0.4
    endloop
  endfacet
  facet normal 1 0 0
    outer loop
      vertex 50 10.3 0.4
      vertex 50 9.3 5.72205e-07
      vertex 50 21.3 5.72205e-07
    endloop
  endfacet
  facet normal 1 0 0
    outer loop
      vertex 50 9.3 5.72205e-07
      vertex 50 10.3 0.4
      vertex 50 9.3 1.2
    endloop
  endfacet
  facet normal 0 1 -0
    outer loop
      vertex 67 9.3 5.72205e-07
      vertex 50 9.3 1.2
      vertex 67 9.3 1.2
    endloop
  endfacet
  facet normal 0 1 0
    outer loop
      vertex 50 9.3 1.2
      vertex 67 9.3 5.72205e-07
      vertex 50 9.3 5.72205e-07
    endloop
  endfacet
  facet normal 0 -1 0
    outer loop
      vertex 50 21.3 5.72205e-07
      vertex 67 21.3 1.2
      vertex 50 21.3 1.2
    endloop
  endfacet
  facet normal 0 -1 -0
    outer loop
      vertex 67 21.3 1.2
      vertex 50 21.3 5.72205e-07
      vertex 67 21.3 5.72205e-07
    endloop
  endfacet
  facet normal 1 -0 0
    outer loop
      vertex 66 10.3 1.2
      vertex 66 20.3 0.4
      vertex 66 20.3 1.2
    endloop
  endfacet
  facet normal 1 0 0
    outer loop
      vertex 66 20.3 0.4
      vertex 66 10.3 1.2
      vertex 66 10.3 0.4
    endloop
  endfacet
  facet normal 0 -1 0
    outer loop
      vertex 50 10.3 0.4
      vertex 66 10.3 1.2
      vertex 50 10.3 1.2
    endloop
  endfacet
  facet normal 0 -1 -0
    outer loop
      vertex 66 10.3 1.2
      vertex 50 10.3 0.4
      vertex 66 10.3 0.4
    endloop
  endfacet
  facet normal 0 1 -0
    outer loop
      vertex 66 20.3 0.4
      vertex 50 20.3 1.2
      vertex 66 20.3 1.2
    endloop
  endfacet
  facet normal 0 1 0
    outer loop
      vertex 50 20.3 1.2
      vertex 66 20.3 0.4
      vertex 50 20.3 0.4
    endloop
  endfacet
  facet normal -0 0.29027 0.956945
    outer loop
      vertex 171.35 15.916 2.01245
      vertex 172.65 15.3063 2.19739
      vertex 172.65 15.916 2.01245
    endloop
  endfacet
  facet normal 0 0.29027 0.956945
    outer loop
      vertex 172.65 15.3063 2.19739
      vertex 171.35 15.916 2.01245
      vertex 171.35 15.3063 2.19739
    endloop
  endfacet
  facet normal -0 0.0980272 0.995184
    outer loop
      vertex 171.35 16.55 1.95
      vertex 172.65 15.916 2.01245
      vertex 172.65 16.55 1.95
    endloop
  endfacet
  facet normal 0 0.0980272 0.995184
    outer loop
      vertex 172.65 15.916 2.01245
      vertex 171.35 16.55 1.95
      vertex 171.35 15.916 2.01245
    endloop
  endfacet
  facet normal 0 -0.29027 0.956945
    outer loop
      vertex 171.35 35.2937 2.19739
      vertex 172.65 34.684 2.01245
      vertex 172.65 35.2937 2.19739
    endloop
  endfacet
  facet normal 0 -0.29027 0.956945
    outer loop
      vertex 172.65 34.684 2.01245
      vertex 171.35 35.2937 2.19739
      vertex 171.35 34.684 2.01245
    endloop
  endfacet
  facet normal 0 -0.471382 0.881929
    outer loop
      vertex 171.45 35.8556 2.49772
      vertex 172.65 35.2937 2.19739
      vertex 172.65 35.8556 2.49772
    endloop
  endfacet
  facet normal -6.6738e-06 -0.471393 0.881923
    outer loop
      vertex 171.45 35.2986 2.2
      vertex 172.65 35.2937 2.19739
      vertex 171.45 35.8556 2.49772
    endloop
  endfacet
  facet normal 0 -0.470121 0.882602
    outer loop
      vertex 171.35 35.2937 2.19739
      vertex 171.45 35.2986 2.2
      vertex 171.35 35.2986 2.2
    endloop
  endfacet
  facet normal 0 -0.470121 0.882602
    outer loop
      vertex 171.45 35.2986 2.2
      vertex 171.35 35.2937 2.19739
      vertex 172.65 35.2937 2.19739
    endloop
  endfacet
  facet normal 0 -0.0980272 0.995184
    outer loop
      vertex 171.35 34.684 2.01245
      vertex 172.65 34.05 1.95
      vertex 172.65 34.684 2.01245
    endloop
  endfacet
  facet normal 0 -0.0980272 0.995184
    outer loop
      vertex 172.65 34.05 1.95
      vertex 171.35 34.684 2.01245
      vertex 171.35 34.05 1.95
    endloop
  endfacet
  facet normal 0 -0.881942 -0.471359
    outer loop
      vertex 171.45 37.0526 6.44372
      vertex 172.65 36.7523 7.0056
      vertex 171.45 36.7523 7.0056
    endloop
  endfacet
  facet normal 0 -0.881942 -0.471359
    outer loop
      vertex 172.65 36.7523 7.0056
      vertex 171.45 37.0526 6.44372
      vertex 172.65 37.0526 6.44372
    endloop
  endfacet
  facet normal 0 -0.956916 0.290365
    outer loop
      vertex 171.45 37.0526 3.95628
      vertex 172.65 37.2376 4.56596
      vertex 171.45 37.2376 4.56596
    endloop
  endfacet
  facet normal 0 -0.956916 0.290365
    outer loop
      vertex 172.65 37.2376 4.56596
      vertex 171.45 37.0526 3.95628
      vertex 172.65 37.0526 3.95628
    endloop
  endfacet
  facet normal 0 0.995192 -0.0979433
    outer loop
      vertex 172.65 13.3 5.2
      vertex 171.45 13.3624 5.83404
      vertex 172.65 13.3624 5.83404
    endloop
  endfacet
  facet normal 0 0.995192 -0.0979433
    outer loop
      vertex 171.45 13.3624 5.83404
      vertex 172.65 13.3 5.2
      vertex 171.45 13.3 5.2
    endloop
  endfacet
  facet normal 0 0.881942 0.471359
    outer loop
      vertex 172.65 13.8477 3.3944
      vertex 171.45 13.5474 3.95628
      vertex 172.65 13.5474 3.95628
    endloop
  endfacet
  facet normal 0 0.881942 0.471359
    outer loop
      vertex 171.45 13.5474 3.95628
      vertex 172.65 13.8477 3.3944
      vertex 171.45 13.8477 3.3944
    endloop
  endfacet
  facet normal 0 0.772893 -0.634536
    outer loop
      vertex 172.65 13.8477 7.0056
      vertex 171.45 14.0073 7.2
      vertex 172.65 14.0073 7.2
    endloop
  endfacet
  facet normal 0 0.772893 -0.634536
    outer loop
      vertex 171.45 14.0073 7.2
      vertex 172.65 13.8477 7.0056
      vertex 171.45 13.8477 7.0056
    endloop
  endfacet
  facet normal 0 0 1
    outer loop
      vertex 172.65 34.05 1.95
      vertex 171.45 29.3 1.95
      vertex 172.65 16.55 1.95
    endloop
  endfacet
  facet normal -0 0 1
    outer loop
      vertex 171.35 34.05 1.95
      vertex 171.45 29.3 1.95
      vertex 172.65 34.05 1.95
    endloop
  endfacet
  facet normal 0 0 1
    outer loop
      vertex 171.45 29.3 1.95
      vertex 171.35 34.05 1.95
      vertex 171.35 29.3 1.95
    endloop
  endfacet
  facet normal -0 0 1
    outer loop
      vertex 171.45 21.3 1.95
      vertex 172.65 16.55 1.95
      vertex 171.45 29.3 1.95
    endloop
  endfacet
  facet normal 0 0 1
    outer loop
      vertex 171.35 16.55 1.95
      vertex 171.45 21.3 1.95
      vertex 171.35 21.3 1.95
    endloop
  endfacet
  facet normal 0 0 1
    outer loop
      vertex 171.45 21.3 1.95
      vertex 171.35 16.55 1.95
      vertex 172.65 16.55 1.95
    endloop
  endfacet
  facet normal 0 -0.881942 0.471359
    outer loop
      vertex 171.45 36.7523 3.3944
      vertex 172.65 37.0526 3.95628
      vertex 171.45 37.0526 3.95628
    endloop
  endfacet
  facet normal 0 -0.881942 0.471359
    outer loop
      vertex 172.65 37.0526 3.95628
      vertex 171.45 36.7523 3.3944
      vertex 172.65 36.7523 3.3944
    endloop
  endfacet
  facet normal 0 0.956916 0.290365
    outer loop
      vertex 172.65 13.5474 3.95628
      vertex 171.45 13.3624 4.56596
      vertex 172.65 13.3624 4.56596
    endloop
  endfacet
  facet normal 0 0.956916 0.290365
    outer loop
      vertex 171.45 13.3624 4.56596
      vertex 172.65 13.5474 3.95628
      vertex 171.45 13.5474 3.95628
    endloop
  endfacet
  facet normal 0 0.772998 0.634408
    outer loop
      vertex 172.65 14.2519 2.9019
      vertex 171.45 13.8477 3.3944
      vertex 172.65 13.8477 3.3944
    endloop
  endfacet
  facet normal 0 0.772998 0.634408
    outer loop
      vertex 171.45 13.8477 3.3944
      vertex 172.65 14.2519 2.9019
      vertex 171.45 14.2519 2.9019
    endloop
  endfacet
  facet normal 0 -0.956916 -0.290365
    outer loop
      vertex 171.45 37.2376 5.83404
      vertex 172.65 37.0526 6.44372
      vertex 171.45 37.0526 6.44372
    endloop
  endfacet
  facet normal 0 -0.956916 -0.290365
    outer loop
      vertex 172.65 37.0526 6.44372
      vertex 171.45 37.2376 5.83404
      vertex 172.65 37.2376 5.83404
    endloop
  endfacet
  facet normal 0 -0.634389 0.773014
    outer loop
      vertex 171.45 36.3481 2.9019
      vertex 172.65 35.8556 2.49772
      vertex 172.65 36.3481 2.9019
    endloop
  endfacet
  facet normal 0 -0.634389 0.773014
    outer loop
      vertex 172.65 35.8556 2.49772
      vertex 171.45 36.3481 2.9019
      vertex 171.45 35.8556 2.49772
    endloop
  endfacet
  facet normal 0 -0.772998 0.634408
    outer loop
      vertex 171.45 36.3481 2.9019
      vertex 172.65 36.7523 3.3944
      vertex 171.45 36.7523 3.3944
    endloop
  endfacet
  facet normal 0 -0.772998 0.634408
    outer loop
      vertex 172.65 36.7523 3.3944
      vertex 171.45 36.3481 2.9019
      vertex 172.65 36.3481 2.9019
    endloop
  endfacet
  facet normal 0 0.881942 -0.471359
    outer loop
      vertex 172.65 13.5474 6.44372
      vertex 171.45 13.8477 7.0056
      vertex 172.65 13.8477 7.0056
    endloop
  endfacet
  facet normal 0 0.881942 -0.471359
    outer loop
      vertex 171.45 13.8477 7.0056
      vertex 172.65 13.5474 6.44372
      vertex 171.45 13.5474 6.44372
    endloop
  endfacet
  facet normal 0 0.995192 0.0979433
    outer loop
      vertex 172.65 13.3624 4.56596
      vertex 171.45 13.3 5.2
      vertex 172.65 13.3 5.2
    endloop
  endfacet
  facet normal 0 0.995192 0.0979433
    outer loop
      vertex 171.45 13.3 5.2
      vertex 172.65 13.3624 4.56596
      vertex 171.45 13.3624 4.56596
    endloop
  endfacet
  facet normal 0 0.956916 -0.290365
    outer loop
      vertex 172.65 13.3624 5.83404
      vertex 171.45 13.5474 6.44372
      vertex 172.65 13.5474 6.44372
    endloop
  endfacet
  facet normal 0 0.956916 -0.290365
    outer loop
      vertex 171.45 13.5474 6.44372
      vertex 172.65 13.3624 5.83404
      vertex 171.45 13.3624 5.83404
    endloop
  endfacet
  facet normal -6.61564e-06 0.471382 0.881929
    outer loop
      vertex 172.65 15.3063 2.19739
      vertex 171.45 15.3014 2.2
      vertex 172.65 14.7444 2.49772
    endloop
  endfacet
  facet normal -0 0.470121 0.882602
    outer loop
      vertex 171.35 15.3063 2.19739
      vertex 171.45 15.3014 2.2
      vertex 172.65 15.3063 2.19739
    endloop
  endfacet
  facet normal 0 0.470121 0.882602
    outer loop
      vertex 171.45 15.3014 2.2
      vertex 171.35 15.3063 2.19739
      vertex 171.35 15.3014 2.2
    endloop
  endfacet
  facet normal 0 0.471393 0.881923
    outer loop
      vertex 172.65 14.7444 2.49772
      vertex 171.45 15.3014 2.2
      vertex 171.45 14.7444 2.49772
    endloop
  endfacet
  facet normal -0 0.634389 0.773014
    outer loop
      vertex 171.45 14.7444 2.49772
      vertex 172.65 14.2519 2.9019
      vertex 172.65 14.7444 2.49772
    endloop
  endfacet
  facet normal 0 0.634389 0.773014
    outer loop
      vertex 172.65 14.2519 2.9019
      vertex 171.45 14.7444 2.49772
      vertex 171.45 14.2519 2.9019
    endloop
  endfacet
  facet normal 0 -0.772893 -0.634536
    outer loop
      vertex 171.45 36.7523 7.0056
      vertex 172.65 36.5927 7.2
      vertex 171.45 36.5927 7.2
    endloop
  endfacet
  facet normal 0 -0.772893 -0.634536
    outer loop
      vertex 172.65 36.5927 7.2
      vertex 171.45 36.7523 7.0056
      vertex 172.65 36.7523 7.0056
    endloop
  endfacet
  facet normal 0 -0.995192 0.0979433
    outer loop
      vertex 171.45 37.2376 4.56596
      vertex 172.65 37.3 5.2
      vertex 171.45 37.3 5.2
    endloop
  endfacet
  facet normal 0 -0.995192 0.0979433
    outer loop
      vertex 172.65 37.3 5.2
      vertex 171.45 37.2376 4.56596
      vertex 172.65 37.2376 4.56596
    endloop
  endfacet
  facet normal 0 -0.995192 -0.0979433
    outer loop
      vertex 171.45 37.3 5.2
      vertex 172.65 37.2376 5.83404
      vertex 171.45 37.2376 5.83404
    endloop
  endfacet
  facet normal 0 -0.995192 -0.0979433
    outer loop
      vertex 172.65 37.2376 5.83404
      vertex 171.45 37.3 5.2
      vertex 172.65 37.3 5.2
    endloop
  endfacet
  facet normal 0 -0.0980272 0.995184
    outer loop
      vertex 171.45 66.684 2.01245
      vertex 172.65 66.05 1.95
      vertex 172.65 66.684 2.01245
    endloop
  endfacet
  facet normal 0 -0.0980272 0.995184
    outer loop
      vertex 172.65 66.05 1.95
      vertex 171.45 66.684 2.01245
      vertex 171.45 66.05 1.95
    endloop
  endfacet
  facet normal 0 -0.881942 0.471359
    outer loop
      vertex 171.45 68.7523 3.3944
      vertex 172.65 69.0526 3.95628
      vertex 171.45 69.0526 3.95628
    endloop
  endfacet
  facet normal 0 -0.881942 0.471359
    outer loop
      vertex 172.65 69.0526 3.95628
      vertex 171.45 68.7523 3.3944
      vertex 172.65 68.7523 3.3944
    endloop
  endfacet
  facet normal 0 0.881942 0.471359
    outer loop
      vertex 172.65 58.8477 3.3944
      vertex 171.45 58.5474 3.95628
      vertex 172.65 58.5474 3.95628
    endloop
  endfacet
  facet normal 0 0.881942 0.471359
    outer loop
      vertex 171.45 58.5474 3.95628
      vertex 172.65 58.8477 3.3944
      vertex 171.45 58.8477 3.3944
    endloop
  endfacet
  facet normal 0 0.995192 0.0979433
    outer loop
      vertex 172.65 58.3624 4.56596
      vertex 171.45 58.3 5.2
      vertex 172.65 58.3 5.2
    endloop
  endfacet
  facet normal 0 0.995192 0.0979433
    outer loop
      vertex 171.45 58.3 5.2
      vertex 172.65 58.3624 4.56596
      vertex 171.45 58.3624 4.56596
    endloop
  endfacet
  facet normal 0 0.995192 -0.0979433
    outer loop
      vertex 172.65 58.3 5.2
      vertex 171.45 58.3624 5.83404
      vertex 172.65 58.3624 5.83404
    endloop
  endfacet
  facet normal 0 0.995192 -0.0979433
    outer loop
      vertex 171.45 58.3624 5.83404
      vertex 172.65 58.3 5.2
      vertex 171.45 58.3 5.2
    endloop
  endfacet
  facet normal 0 -0.29027 0.956945
    outer loop
      vertex 171.45 67.2937 2.19739
      vertex 172.65 66.684 2.01245
      vertex 172.65 67.2937 2.19739
    endloop
  endfacet
  facet normal 0 -0.29027 0.956945
    outer loop
      vertex 172.65 66.684 2.01245
      vertex 171.45 67.2937 2.19739
      vertex 171.45 66.684 2.01245
    endloop
  endfacet
  facet normal 0 0.772893 -0.634536
    outer loop
      vertex 172.65 58.8477 7.0056
      vertex 171.45 59.0073 7.2
      vertex 172.65 59.0073 7.2
    endloop
  endfacet
  facet normal 0 0.772893 -0.634536
    outer loop
      vertex 171.45 59.0073 7.2
      vertex 172.65 58.8477 7.0056
      vertex 171.45 58.8477 7.0056
    endloop
  endfacet
  facet normal 0 0.772998 0.634408
    outer loop
      vertex 172.65 59.2519 2.9019
      vertex 171.45 58.8477 3.3944
      vertex 172.65 58.8477 3.3944
    endloop
  endfacet
  facet normal 0 0.772998 0.634408
    outer loop
      vertex 171.45 58.8477 3.3944
      vertex 172.65 59.2519 2.9019
      vertex 171.45 59.2519 2.9019
    endloop
  endfacet
  facet normal 0 0.881942 -0.471359
    outer loop
      vertex 172.65 58.5474 6.44372
      vertex 171.45 58.8477 7.0056
      vertex 172.65 58.8477 7.0056
    endloop
  endfacet
  facet normal 0 0.881942 -0.471359
    outer loop
      vertex 171.45 58.8477 7.0056
      vertex 172.65 58.5474 6.44372
      vertex 171.45 58.5474 6.44372
    endloop
  endfacet
  facet normal 0 -0.634389 0.773014
    outer loop
      vertex 171.45 68.3481 2.9019
      vertex 172.65 67.8556 2.49772
      vertex 172.65 68.3481 2.9019
    endloop
  endfacet
  facet normal 0 -0.634389 0.773014
    outer loop
      vertex 172.65 67.8556 2.49772
      vertex 171.45 68.3481 2.9019
      vertex 171.45 67.8556 2.49772
    endloop
  endfacet
  facet normal 0 -0.471382 0.881929
    outer loop
      vertex 171.45 67.8556 2.49772
      vertex 172.65 67.2937 2.19739
      vertex 172.65 67.8556 2.49772
    endloop
  endfacet
  facet normal 0 -0.471382 0.881929
    outer loop
      vertex 172.65 67.2937 2.19739
      vertex 171.45 67.8556 2.49772
      vertex 171.45 67.2937 2.19739
    endloop
  endfacet
  facet normal 0 -0.995177 0.0980988
    outer loop
      vertex 171.45 69.2375 4.56596
      vertex 172.65 69.3 5.2
      vertex 171.45 69.3 5.2
    endloop
  endfacet
  facet normal 0 -0.995177 0.0980988
    outer loop
      vertex 172.65 69.3 5.2
      vertex 171.45 69.2375 4.56596
      vertex 172.65 69.2375 4.56596
    endloop
  endfacet
  facet normal 0 0.956916 0.290365
    outer loop
      vertex 172.65 58.5474 3.95628
      vertex 171.45 58.3624 4.56596
      vertex 172.65 58.3624 4.56596
    endloop
  endfacet
  facet normal 0 0.956916 0.290365
    outer loop
      vertex 171.45 58.3624 4.56596
      vertex 172.65 58.5474 3.95628
      vertex 171.45 58.5474 3.95628
    endloop
  endfacet
  facet normal 0 -0.772998 0.634408
    outer loop
      vertex 171.45 68.3481 2.9019
      vertex 172.65 68.7523 3.3944
      vertex 171.45 68.7523 3.3944
    endloop
  endfacet
  facet normal 0 -0.772998 0.634408
    outer loop
      vertex 172.65 68.7523 3.3944
      vertex 171.45 68.3481 2.9019
      vertex 172.65 68.3481 2.9019
    endloop
  endfacet
  facet normal 0 -0.995177 -0.0980988
    outer loop
      vertex 171.45 69.3 5.2
      vertex 172.65 69.2375 5.83404
      vertex 171.45 69.2375 5.83404
    endloop
  endfacet
  facet normal 0 -0.995177 -0.0980988
    outer loop
      vertex 172.65 69.2375 5.83404
      vertex 171.45 69.3 5.2
      vertex 172.65 69.3 5.2
    endloop
  endfacet
  facet normal -0 0.0980272 0.995184
    outer loop
      vertex 171.45 61.55 1.95
      vertex 172.65 60.916 2.01245
      vertex 172.65 61.55 1.95
    endloop
  endfacet
  facet normal 0 0.0980272 0.995184
    outer loop
      vertex 172.65 60.916 2.01245
      vertex 171.45 61.55 1.95
      vertex 171.45 60.916 2.01245
    endloop
  endfacet
  facet normal -0 0 1
    outer loop
      vertex 171.45 66.05 1.95
      vertex 172.65 61.55 1.95
      vertex 172.65 66.05 1.95
    endloop
  endfacet
  facet normal 0 0 1
    outer loop
      vertex 172.65 61.55 1.95
      vertex 171.45 66.05 1.95
      vertex 171.45 61.55 1.95
    endloop
  endfacet
  facet normal 0 -0.95696 -0.290221
    outer loop
      vertex 171.45 69.2375 5.83404
      vertex 172.65 69.0526 6.44372
      vertex 171.45 69.0526 6.44372
    endloop
  endfacet
  facet normal 0 -0.95696 -0.290221
    outer loop
      vertex 172.65 69.0526 6.44372
      vertex 171.45 69.2375 5.83404
      vertex 172.65 69.2375 5.83404
    endloop
  endfacet
  facet normal 0 0.956916 -0.290365
    outer loop
      vertex 172.65 58.3624 5.83404
      vertex 171.45 58.5474 6.44372
      vertex 172.65 58.5474 6.44372
    endloop
  endfacet
  facet normal 0 0.956916 -0.290365
    outer loop
      vertex 171.45 58.5474 6.44372
      vertex 172.65 58.3624 5.83404
      vertex 171.45 58.3624 5.83404
    endloop
  endfacet
  facet normal -0 0.471382 0.881929
    outer loop
      vertex 171.45 60.3063 2.19739
      vertex 172.65 59.7444 2.49772
      vertex 172.65 60.3063 2.19739
    endloop
  endfacet
  facet normal 0 0.471382 0.881929
    outer loop
      vertex 172.65 59.7444 2.49772
      vertex 171.45 60.3063 2.19739
      vertex 171.45 59.7444 2.49772
    endloop
  endfacet
  facet normal 0 -0.881942 -0.471359
    outer loop
      vertex 171.45 69.0526 6.44372
      vertex 172.65 68.7523 7.0056
      vertex 171.45 68.7523 7.0056
    endloop
  endfacet
  facet normal 0 -0.881942 -0.471359
    outer loop
      vertex 172.65 68.7523 7.0056
      vertex 171.45 69.0526 6.44372
      vertex 172.65 69.0526 6.44372
    endloop
  endfacet
  facet normal 0 -0.95696 0.290221
    outer loop
      vertex 171.45 69.0526 3.95628
      vertex 172.65 69.2375 4.56596
      vertex 171.45 69.2375 4.56596
    endloop
  endfacet
  facet normal 0 -0.95696 0.290221
    outer loop
      vertex 172.65 69.2375 4.56596
      vertex 171.45 69.0526 3.95628
      vertex 172.65 69.0526 3.95628
    endloop
  endfacet
  facet normal -0 0.29027 0.956945
    outer loop
      vertex 171.45 60.916 2.01245
      vertex 172.65 60.3063 2.19739
      vertex 172.65 60.916 2.01245
    endloop
  endfacet
  facet normal 0 0.29027 0.956945
    outer loop
      vertex 172.65 60.3063 2.19739
      vertex 171.45 60.916 2.01245
      vertex 171.45 60.3063 2.19739
    endloop
  endfacet
  facet normal 0 -0.772893 -0.634536
    outer loop
      vertex 171.45 68.7523 7.0056
      vertex 172.65 68.5927 7.2
      vertex 171.45 68.5927 7.2
    endloop
  endfacet
  facet normal 0 -0.772893 -0.634536
    outer loop
      vertex 172.65 68.5927 7.2
      vertex 171.45 68.7523 7.0056
      vertex 172.65 68.7523 7.0056
    endloop
  endfacet
  facet normal -0 0.634389 0.773014
    outer loop
      vertex 171.45 59.7444 2.49772
      vertex 172.65 59.2519 2.9019
      vertex 172.65 59.7444 2.49772
    endloop
  endfacet
  facet normal 0 0.634389 0.773014
    outer loop
      vertex 172.65 59.2519 2.9019
      vertex 171.45 59.7444 2.49772
      vertex 171.45 59.2519 2.9019
    endloop
  endfacet
  facet normal 0 0 -1
    outer loop
      vertex 66 10.3 0.4
      vertex 63.5 15.3 0.4
      vertex 66 20.3 0.4
    endloop
  endfacet
  facet normal 0 0 -1
    outer loop
      vertex 66 10.3 0.4
      vertex 63.4712 15.0074 0.4
      vertex 63.5 15.3 0.4
    endloop
  endfacet
  facet normal 0 0 -1
    outer loop
      vertex 66 10.3 0.4
      vertex 63.3858 14.726 0.4
      vertex 63.4712 15.0074 0.4
    endloop
  endfacet
  facet normal 0 0 -1
    outer loop
      vertex 66 10.3 0.4
      vertex 63.2472 14.4666 0.4
      vertex 63.3858 14.726 0.4
    endloop
  endfacet
  facet normal 0 0 -1
    outer loop
      vertex 66 10.3 0.4
      vertex 63.0607 14.2393 0.4
      vertex 63.2472 14.4666 0.4
    endloop
  endfacet
  facet normal 0 0 -1
    outer loop
      vertex 66 10.3 0.4
      vertex 62.8334 14.0528 0.4
      vertex 63.0607 14.2393 0.4
    endloop
  endfacet
  facet normal 0 0 -1
    outer loop
      vertex 66 10.3 0.4
      vertex 62.574 13.9142 0.4
      vertex 62.8334 14.0528 0.4
    endloop
  endfacet
  facet normal 0 0 -1
    outer loop
      vertex 66 10.3 0.4
      vertex 62.2926 13.8288 0.4
      vertex 62.574 13.9142 0.4
    endloop
  endfacet
  facet normal 0 0 -1
    outer loop
      vertex 66 10.3 0.4
      vertex 62 13.8 0.4
      vertex 62.2926 13.8288 0.4
    endloop
  endfacet
  facet normal 0 0 -1
    outer loop
      vertex 66 10.3 0.4
      vertex 61.7074 13.8288 0.4
      vertex 62 13.8 0.4
    endloop
  endfacet
  facet normal 0 0 -1
    outer loop
      vertex 66 10.3 0.4
      vertex 61.426 13.9142 0.4
      vertex 61.7074 13.8288 0.4
    endloop
  endfacet
  facet normal 0 0 -1
    outer loop
      vertex 50 10.3 0.4
      vertex 61.426 13.9142 0.4
      vertex 66 10.3 0.4
    endloop
  endfacet
  facet normal -0 0 -1
    outer loop
      vertex 60.5288 15.0074 0.4
      vertex 50 10.3 0.4
      vertex 60.5 15.3 0.4
    endloop
  endfacet
  facet normal -0 0 -1
    outer loop
      vertex 60.6142 14.726 0.4
      vertex 50 10.3 0.4
      vertex 60.5288 15.0074 0.4
    endloop
  endfacet
  facet normal -0 0 -1
    outer loop
      vertex 60.7528 14.4666 0.4
      vertex 50 10.3 0.4
      vertex 60.6142 14.726 0.4
    endloop
  endfacet
  facet normal -0 0 -1
    outer loop
      vertex 60.9393 14.2393 0.4
      vertex 50 10.3 0.4
      vertex 60.7528 14.4666 0.4
    endloop
  endfacet
  facet normal -0 0 -1
    outer loop
      vertex 61.1666 14.0528 0.4
      vertex 50 10.3 0.4
      vertex 60.9393 14.2393 0.4
    endloop
  endfacet
  facet normal -0 0 -1
    outer loop
      vertex 61.426 13.9142 0.4
      vertex 50 10.3 0.4
      vertex 61.1666 14.0528 0.4
    endloop
  endfacet
  facet normal 0 0 -1
    outer loop
      vertex 63.4712 15.5926 0.4
      vertex 66 20.3 0.4
      vertex 63.5 15.3 0.4
    endloop
  endfacet
  facet normal 0 0 -1
    outer loop
      vertex 63.3858 15.874 0.4
      vertex 66 20.3 0.4
      vertex 63.4712 15.5926 0.4
    endloop
  endfacet
  facet normal 0 0 -1
    outer loop
      vertex 63.2472 16.1334 0.4
      vertex 66 20.3 0.4
      vertex 63.3858 15.874 0.4
    endloop
  endfacet
  facet normal 0 0 -1
    outer loop
      vertex 63.0607 16.3607 0.4
      vertex 66 20.3 0.4
      vertex 63.2472 16.1334 0.4
    endloop
  endfacet
  facet normal 0 0 -1
    outer loop
      vertex 62.8334 16.5472 0.4
      vertex 66 20.3 0.4
      vertex 63.0607 16.3607 0.4
    endloop
  endfacet
  facet normal 0 0 -1
    outer loop
      vertex 62.574 16.6858 0.4
      vertex 66 20.3 0.4
      vertex 62.8334 16.5472 0.4
    endloop
  endfacet
  facet normal 0 0 -1
    outer loop
      vertex 62.2926 16.7712 0.4
      vertex 66 20.3 0.4
      vertex 62.574 16.6858 0.4
    endloop
  endfacet
  facet normal 0 0 -1
    outer loop
      vertex 62 16.8 0.4
      vertex 66 20.3 0.4
      vertex 62.2926 16.7712 0.4
    endloop
  endfacet
  facet normal 0 0 -1
    outer loop
      vertex 61.7074 16.7712 0.4
      vertex 66 20.3 0.4
      vertex 62 16.8 0.4
    endloop
  endfacet
  facet normal 0 0 -1
    outer loop
      vertex 61.426 16.6858 0.4
      vertex 66 20.3 0.4
      vertex 61.7074 16.7712 0.4
    endloop
  endfacet
  facet normal 0 0 -1
    outer loop
      vertex 50 20.3 0.4
      vertex 61.426 16.6858 0.4
      vertex 61.1666 16.5472 0.4
    endloop
  endfacet
  facet normal 0 0 -1
    outer loop
      vertex 50 20.3 0.4
      vertex 60.5 15.3 0.4
      vertex 50 10.3 0.4
    endloop
  endfacet
  facet normal 0 0 -1
    outer loop
      vertex 60.5 15.3 0.4
      vertex 50 20.3 0.4
      vertex 60.5288 15.5926 0.4
    endloop
  endfacet
  facet normal 0 0 -1
    outer loop
      vertex 60.5288 15.5926 0.4
      vertex 50 20.3 0.4
      vertex 60.6142 15.874 0.4
    endloop
  endfacet
  facet normal 0 0 -1
    outer loop
      vertex 60.6142 15.874 0.4
      vertex 50 20.3 0.4
      vertex 60.7528 16.1334 0.4
    endloop
  endfacet
  facet normal 0 0 -1
    outer loop
      vertex 60.7528 16.1334 0.4
      vertex 50 20.3 0.4
      vertex 60.9393 16.3607 0.4
    endloop
  endfacet
  facet normal 0 0 -1
    outer loop
      vertex 60.9393 16.3607 0.4
      vertex 50 20.3 0.4
      vertex 61.1666 16.5472 0.4
    endloop
  endfacet
  facet normal 0 0 -1
    outer loop
      vertex 61.426 16.6858 0.4
      vertex 50 20.3 0.4
      vertex 66 20.3 0.4
    endloop
  endfacet
  facet normal -1 0 0
    outer loop
      vertex 65.1 12.2 5.9
      vertex 65.1 18.4 6.5
      vertex 65.1 18.4 5.9
    endloop
  endfacet
  facet normal -1 -0 0
    outer loop
      vertex 65.1 18.4 6.5
      vertex 65.1 12.2 5.9
      vertex 65.1 12.2 6.5
    endloop
  endfacet
  facet normal 0 0 -1
    outer loop
      vertex 58.9 12.2 6.5
      vertex 65.1 18.4 6.5
      vertex 65.1 12.2 6.5
    endloop
  endfacet
  facet normal -0 0 -1
    outer loop
      vertex 65.1 18.4 6.5
      vertex 58.9 12.2 6.5
      vertex 58.9 18.4 6.5
    endloop
  endfacet
  facet normal 1 -0 0
    outer loop
      vertex 58.9 12.2 6.5
      vertex 58.9 18.4 5.9
      vertex 58.9 18.4 6.5
    endloop
  endfacet
  facet normal 1 0 0
    outer loop
      vertex 58.9 18.4 5.9
      vertex 58.9 12.2 6.5
      vertex 58.9 12.2 5.9
    endloop
  endfacet
  facet normal 0 1 -0
    outer loop
      vertex 65.1 12.2 5.9
      vertex 58.9 12.2 6.5
      vertex 65.1 12.2 6.5
    endloop
  endfacet
  facet normal 0 1 0
    outer loop
      vertex 58.9 12.2 6.5
      vertex 65.1 12.2 5.9
      vertex 58.9 12.2 5.9
    endloop
  endfacet
  facet normal 0 -1 0
    outer loop
      vertex 58.9 18.4 5.9
      vertex 65.1 18.4 6.5
      vertex 58.9 18.4 6.5
    endloop
  endfacet
  facet normal 0 -1 -0
    outer loop
      vertex 65.1 18.4 6.5
      vertex 58.9 18.4 5.9
      vertex 65.1 18.4 5.9
    endloop
  endfacet
  facet normal -1 0 0
    outer loop
      vertex 2 53.15 5.72205e-07
      vertex 2 65.15 0.800001
      vertex 2 65.15 5.72205e-07
    endloop
  endfacet
  facet normal -1 -0 0
    outer loop
      vertex 2 65.15 0.800001
      vertex 2 53.15 5.72205e-07
      vertex 2 53.15 0.800001
    endloop
  endfacet
  facet normal 0 0 -1
    outer loop
      vertex 0 53.15 0.800001
      vertex 2 65.15 0.800001
      vertex 2 53.15 0.800001
    endloop
  endfacet
  facet normal -0 0 -1
    outer loop
      vertex 2 65.15 0.800001
      vertex 0 53.15 0.800001
      vertex 0 65.15 0.800001
    endloop
  endfacet
  facet normal 0 1 -0
    outer loop
      vertex 2 53.15 5.72205e-07
      vertex 0 53.15 0.800001
      vertex 2 53.15 0.800001
    endloop
  endfacet
  facet normal 0 1 0
    outer loop
      vertex 0 53.15 0.800001
      vertex 2 53.15 5.72205e-07
      vertex 0 53.15 5.72205e-07
    endloop
  endfacet
  facet normal 0 -1 0
    outer loop
      vertex 0 65.15 5.72205e-07
      vertex 2 65.15 0.800001
      vertex 0 65.15 0.800001
    endloop
  endfacet
  facet normal 0 -1 -0
    outer loop
      vertex 2 65.15 0.800001
      vertex 0 65.15 5.72205e-07
      vertex 2 65.15 5.72205e-07
    endloop
  endfacet
  facet normal -0.0979545 -0.995191 0
    outer loop
      vertex 61.7074 13.8288 1.2
      vertex 62 13.8 2
      vertex 61.7074 13.8288 2
    endloop
  endfacet
  facet normal -0.0979545 -0.995191 -0
    outer loop
      vertex 62 13.8 2
      vertex 61.7074 13.8288 1.2
      vertex 62 13.8 1.2
    endloop
  endfacet
  facet normal 0.773078 0.634311 0
    outer loop
      vertex 63.2472 16.1334 2
      vertex 63.0607 16.3607 1.2
      vertex 63.0607 16.3607 2
    endloop
  endfacet
  facet normal 0.773078 0.634311 0
    outer loop
      vertex 63.0607 16.3607 1.2
      vertex 63.2472 16.1334 2
      vertex 63.2472 16.1334 1.2
    endloop
  endfacet
  facet normal 0.956904 -0.290404 0
    outer loop
      vertex 63.3858 14.726 2
      vertex 63.4712 15.0074 1.2
      vertex 63.4712 15.0074 2
    endloop
  endfacet
  facet normal 0.956904 -0.290404 0
    outer loop
      vertex 63.4712 15.0074 1.2
      vertex 63.3858 14.726 2
      vertex 63.3858 14.726 1.2
    endloop
  endfacet
  facet normal 0.471259 0.881995 -0
    outer loop
      vertex 62.8334 16.5472 1.2
      vertex 62.574 16.6858 2
      vertex 62.8334 16.5472 2
    endloop
  endfacet
  facet normal 0.471259 0.881995 0
    outer loop
      vertex 62.574 16.6858 2
      vertex 62.8334 16.5472 1.2
      vertex 62.574 16.6858 1.2
    endloop
  endfacet
  facet normal -0.773078 -0.634311 0
    outer loop
      vertex 60.9393 14.2393 1.2
      vertex 60.7528 14.4666 2
      vertex 60.7528 14.4666 1.2
    endloop
  endfacet
  facet normal -0.773078 -0.634311 0
    outer loop
      vertex 60.7528 14.4666 2
      vertex 60.9393 14.2393 1.2
      vertex 60.9393 14.2393 2
    endloop
  endfacet
  facet normal 0.995191 0.0979545 0
    outer loop
      vertex 63.5 15.3 2
      vertex 63.4712 15.5926 1.2
      vertex 63.4712 15.5926 2
    endloop
  endfacet
  facet normal 0.995191 0.0979545 0
    outer loop
      vertex 63.4712 15.5926 1.2
      vertex 63.5 15.3 2
      vertex 63.5 15.3 1.2
    endloop
  endfacet
  facet normal 0.881995 0.471259 0
    outer loop
      vertex 63.3858 15.874 2
      vertex 63.2472 16.1334 1.2
      vertex 63.2472 16.1334 2
    endloop
  endfacet
  facet normal 0.881995 0.471259 0
    outer loop
      vertex 63.2472 16.1334 1.2
      vertex 63.3858 15.874 2
      vertex 63.3858 15.874 1.2
    endloop
  endfacet
  facet normal 0.290404 0.956904 -0
    outer loop
      vertex 62.574 16.6858 1.2
      vertex 62.2926 16.7712 2
      vertex 62.574 16.6858 2
    endloop
  endfacet
  facet normal 0.290404 0.956904 0
    outer loop
      vertex 62.2926 16.7712 2
      vertex 62.574 16.6858 1.2
      vertex 62.2926 16.7712 1.2
    endloop
  endfacet
  facet normal -0.290404 -0.956904 0
    outer loop
      vertex 61.426 13.9142 1.2
      vertex 61.7074 13.8288 2
      vertex 61.426 13.9142 2
    endloop
  endfacet
  facet normal -0.290404 -0.956904 -0
    outer loop
      vertex 61.7074 13.8288 2
      vertex 61.426 13.9142 1.2
      vertex 61.7074 13.8288 1.2
    endloop
  endfacet
  facet normal 0.995191 -0.0979545 0
    outer loop
      vertex 63.4712 15.0074 2
      vertex 63.5 15.3 1.2
      vertex 63.5 15.3 2
    endloop
  endfacet
  facet normal 0.995191 -0.0979545 0
    outer loop
      vertex 63.5 15.3 1.2
      vertex 63.4712 15.0074 2
      vertex 63.4712 15.0074 1.2
    endloop
  endfacet
  facet normal -0.471259 0.881995 0
    outer loop
      vertex 61.426 16.6858 1.2
      vertex 61.1666 16.5472 2
      vertex 61.426 16.6858 2
    endloop
  endfacet
  facet normal -0.471259 0.881995 0
    outer loop
      vertex 61.1666 16.5472 2
      vertex 61.426 16.6858 1.2
      vertex 61.1666 16.5472 1.2
    endloop
  endfacet
  facet normal 0.881995 -0.471259 0
    outer loop
      vertex 63.2472 14.4666 2
      vertex 63.3858 14.726 1.2
      vertex 63.3858 14.726 2
    endloop
  endfacet
  facet normal 0.881995 -0.471259 0
    outer loop
      vertex 63.3858 14.726 1.2
      vertex 63.2472 14.4666 2
      vertex 63.2472 14.4666 1.2
    endloop
  endfacet
  facet normal 0.290404 -0.956904 0
    outer loop
      vertex 62.2926 13.8288 1.2
      vertex 62.574 13.9142 2
      vertex 62.2926 13.8288 2
    endloop
  endfacet
  facet normal 0.290404 -0.956904 0
    outer loop
      vertex 62.574 13.9142 2
      vertex 62.2926 13.8288 1.2
      vertex 62.574 13.9142 1.2
    endloop
  endfacet
  facet normal -0.995191 0.0979545 0
    outer loop
      vertex 60.5 15.3 1.2
      vertex 60.5288 15.5926 2
      vertex 60.5288 15.5926 1.2
    endloop
  endfacet
  facet normal -0.995191 0.0979545 0
    outer loop
      vertex 60.5288 15.5926 2
      vertex 60.5 15.3 1.2
      vertex 60.5 15.3 2
    endloop
  endfacet
  facet normal -0.881995 -0.471259 0
    outer loop
      vertex 60.7528 14.4666 1.2
      vertex 60.6142 14.726 2
      vertex 60.6142 14.726 1.2
    endloop
  endfacet
  facet normal -0.881995 -0.471259 0
    outer loop
      vertex 60.6142 14.726 2
      vertex 60.7528 14.4666 1.2
      vertex 60.7528 14.4666 2
    endloop
  endfacet
  facet normal -0.881995 0.471259 0
    outer loop
      vertex 60.6142 15.874 1.2
      vertex 60.7528 16.1334 2
      vertex 60.7528 16.1334 1.2
    endloop
  endfacet
  facet normal -0.881995 0.471259 0
    outer loop
      vertex 60.7528 16.1334 2
      vertex 60.6142 15.874 1.2
      vertex 60.6142 15.874 2
    endloop
  endfacet
  facet normal -0.471259 -0.881995 0
    outer loop
      vertex 61.1666 14.0528 1.2
      vertex 61.426 13.9142 2
      vertex 61.1666 14.0528 2
    endloop
  endfacet
  facet normal -0.471259 -0.881995 -0
    outer loop
      vertex 61.426 13.9142 2
      vertex 61.1666 14.0528 1.2
      vertex 61.426 13.9142 1.2
    endloop
  endfacet
  facet normal 0.0979545 -0.995191 0
    outer loop
      vertex 62 13.8 1.2
      vertex 62.2926 13.8288 2
      vertex 62 13.8 2
    endloop
  endfacet
  facet normal 0.0979545 -0.995191 0
    outer loop
      vertex 62.2926 13.8288 2
      vertex 62 13.8 1.2
      vertex 62.2926 13.8288 1.2
    endloop
  endfacet
  facet normal -0.290404 0.956904 0
    outer loop
      vertex 61.7074 16.7712 1.2
      vertex 61.426 16.6858 2
      vertex 61.7074 16.7712 2
    endloop
  endfacet
  facet normal -0.290404 0.956904 0
    outer loop
      vertex 61.426 16.6858 2
      vertex 61.7074 16.7712 1.2
      vertex 61.426 16.6858 1.2
    endloop
  endfacet
  facet normal 0 0 1
    outer loop
      vertex 63.4712 15.5926 2
      vertex 63.4712 15.0074 2
      vertex 63.5 15.3 2
    endloop
  endfacet
  facet normal 0 0 1
    outer loop
      vertex 63.3858 15.874 2
      vertex 63.4712 15.0074 2
      vertex 63.4712 15.5926 2
    endloop
  endfacet
  facet normal 0 0 1
    outer loop
      vertex 63.3858 15.874 2
      vertex 63.3858 14.726 2
      vertex 63.4712 15.0074 2
    endloop
  endfacet
  facet normal 0 0 1
    outer loop
      vertex 63.2472 16.1334 2
      vertex 63.3858 14.726 2
      vertex 63.3858 15.874 2
    endloop
  endfacet
  facet normal 0 0 1
    outer loop
      vertex 63.2472 16.1334 2
      vertex 63.2472 14.4666 2
      vertex 63.3858 14.726 2
    endloop
  endfacet
  facet normal 0 0 1
    outer loop
      vertex 63.0607 16.3607 2
      vertex 63.2472 14.4666 2
      vertex 63.2472 16.1334 2
    endloop
  endfacet
  facet normal 0 0 1
    outer loop
      vertex 63.0607 16.3607 2
      vertex 63.0607 14.2393 2
      vertex 63.2472 14.4666 2
    endloop
  endfacet
  facet normal 0 0 1
    outer loop
      vertex 62.8334 16.5472 2
      vertex 63.0607 14.2393 2
      vertex 63.0607 16.3607 2
    endloop
  endfacet
  facet normal 0 0 1
    outer loop
      vertex 62.8334 16.5472 2
      vertex 62.8334 14.0528 2
      vertex 63.0607 14.2393 2
    endloop
  endfacet
  facet normal 0 0 1
    outer loop
      vertex 62.574 16.6858 2
      vertex 62.8334 14.0528 2
      vertex 62.8334 16.5472 2
    endloop
  endfacet
  facet normal 0 0 1
    outer loop
      vertex 62.574 16.6858 2
      vertex 62.574 13.9142 2
      vertex 62.8334 14.0528 2
    endloop
  endfacet
  facet normal 0 0 1
    outer loop
      vertex 62.2926 16.7712 2
      vertex 62.574 13.9142 2
      vertex 62.574 16.6858 2
    endloop
  endfacet
  facet normal 0 0 1
    outer loop
      vertex 62.2926 16.7712 2
      vertex 62.2926 13.8288 2
      vertex 62.574 13.9142 2
    endloop
  endfacet
  facet normal 0 0 1
    outer loop
      vertex 62 16.8 2
      vertex 62.2926 13.8288 2
      vertex 62.2926 16.7712 2
    endloop
  endfacet
  facet normal 0 0 1
    outer loop
      vertex 62 16.8 2
      vertex 62 13.8 2
      vertex 62.2926 13.8288 2
    endloop
  endfacet
  facet normal -0 0 1
    outer loop
      vertex 61.7074 16.7712 2
      vertex 62 13.8 2
      vertex 62 16.8 2
    endloop
  endfacet
  facet normal 0 0 1
    outer loop
      vertex 61.7074 16.7712 2
      vertex 61.7074 13.8288 2
      vertex 62 13.8 2
    endloop
  endfacet
  facet normal -0 0 1
    outer loop
      vertex 61.426 16.6858 2
      vertex 61.7074 13.8288 2
      vertex 61.7074 16.7712 2
    endloop
  endfacet
  facet normal 0 0 1
    outer loop
      vertex 61.426 16.6858 2
      vertex 61.426 13.9142 2
      vertex 61.7074 13.8288 2
    endloop
  endfacet
  facet normal -0 0 1
    outer loop
      vertex 61.1666 16.5472 2
      vertex 61.426 13.9142 2
      vertex 61.426 16.6858 2
    endloop
  endfacet
  facet normal 0 0 1
    outer loop
      vertex 61.1666 16.5472 2
      vertex 61.1666 14.0528 2
      vertex 61.426 13.9142 2
    endloop
  endfacet
  facet normal -0 0 1
    outer loop
      vertex 60.9393 16.3607 2
      vertex 61.1666 14.0528 2
      vertex 61.1666 16.5472 2
    endloop
  endfacet
  facet normal 0 0 1
    outer loop
      vertex 60.9393 16.3607 2
      vertex 60.9393 14.2393 2
      vertex 61.1666 14.0528 2
    endloop
  endfacet
  facet normal -0 0 1
    outer loop
      vertex 60.7528 16.1334 2
      vertex 60.9393 14.2393 2
      vertex 60.9393 16.3607 2
    endloop
  endfacet
  facet normal 0 0 1
    outer loop
      vertex 60.7528 16.1334 2
      vertex 60.7528 14.4666 2
      vertex 60.9393 14.2393 2
    endloop
  endfacet
  facet normal -0 0 1
    outer loop
      vertex 60.6142 15.874 2
      vertex 60.7528 14.4666 2
      vertex 60.7528 16.1334 2
    endloop
  endfacet
  facet normal 0 0 1
    outer loop
      vertex 60.6142 15.874 2
      vertex 60.6142 14.726 2
      vertex 60.7528 14.4666 2
    endloop
  endfacet
  facet normal -0 0 1
    outer loop
      vertex 60.5288 15.5926 2
      vertex 60.6142 14.726 2
      vertex 60.6142 15.874 2
    endloop
  endfacet
  facet normal 0 0 1
    outer loop
      vertex 60.5288 15.5926 2
      vertex 60.5288 15.0074 2
      vertex 60.6142 14.726 2
    endloop
  endfacet
  facet normal 0 -0 1
    outer loop
      vertex 60.5288 15.0074 2
      vertex 60.5288 15.5926 2
      vertex 60.5 15.3 2
    endloop
  endfacet
  facet normal 0.634311 -0.773078 0
    outer loop
      vertex 62.8334 14.0528 1.2
      vertex 63.0607 14.2393 2
      vertex 62.8334 14.0528 2
    endloop
  endfacet
  facet normal 0.634311 -0.773078 0
    outer loop
      vertex 63.0607 14.2393 2
      vertex 62.8334 14.0528 1.2
      vertex 63.0607 14.2393 1.2
    endloop
  endfacet
  facet normal 0.773078 -0.634311 0
    outer loop
      vertex 63.0607 14.2393 2
      vertex 63.2472 14.4666 1.2
      vertex 63.2472 14.4666 2
    endloop
  endfacet
  facet normal 0.773078 -0.634311 0
    outer loop
      vertex 63.2472 14.4666 1.2
      vertex 63.0607 14.2393 2
      vertex 63.0607 14.2393 1.2
    endloop
  endfacet
  facet normal -0.0979545 0.995191 0
    outer loop
      vertex 62 16.8 1.2
      vertex 61.7074 16.7712 2
      vertex 62 16.8 2
    endloop
  endfacet
  facet normal -0.0979545 0.995191 0
    outer loop
      vertex 61.7074 16.7712 2
      vertex 62 16.8 1.2
      vertex 61.7074 16.7712 1.2
    endloop
  endfacet
  facet normal 0.956904 0.290404 0
    outer loop
      vertex 63.4712 15.5926 2
      vertex 63.3858 15.874 1.2
      vertex 63.3858 15.874 2
    endloop
  endfacet
  facet normal 0.956904 0.290404 0
    outer loop
      vertex 63.3858 15.874 1.2
      vertex 63.4712 15.5926 2
      vertex 63.4712 15.5926 1.2
    endloop
  endfacet
  facet normal 0.471259 -0.881995 0
    outer loop
      vertex 62.574 13.9142 1.2
      vertex 62.8334 14.0528 2
      vertex 62.574 13.9142 2
    endloop
  endfacet
  facet normal 0.471259 -0.881995 0
    outer loop
      vertex 62.8334 14.0528 2
      vertex 62.574 13.9142 1.2
      vertex 62.8334 14.0528 1.2
    endloop
  endfacet
  facet normal -0.995191 -0.0979545 0
    outer loop
      vertex 60.5288 15.0074 1.2
      vertex 60.5 15.3 2
      vertex 60.5 15.3 1.2
    endloop
  endfacet
  facet normal -0.995191 -0.0979545 0
    outer loop
      vertex 60.5 15.3 2
      vertex 60.5288 15.0074 1.2
      vertex 60.5288 15.0074 2
    endloop
  endfacet
  facet normal -0.634311 -0.773078 0
    outer loop
      vertex 60.9393 14.2393 1.2
      vertex 61.1666 14.0528 2
      vertex 60.9393 14.2393 2
    endloop
  endfacet
  facet normal -0.634311 -0.773078 -0
    outer loop
      vertex 61.1666 14.0528 2
      vertex 60.9393 14.2393 1.2
      vertex 61.1666 14.0528 1.2
    endloop
  endfacet
  facet normal 0.634311 0.773078 -0
    outer loop
      vertex 63.0607 16.3607 1.2
      vertex 62.8334 16.5472 2
      vertex 63.0607 16.3607 2
    endloop
  endfacet
  facet normal 0.634311 0.773078 0
    outer loop
      vertex 62.8334 16.5472 2
      vertex 63.0607 16.3607 1.2
      vertex 62.8334 16.5472 1.2
    endloop
  endfacet
  facet normal -0.773078 0.634311 0
    outer loop
      vertex 60.7528 16.1334 1.2
      vertex 60.9393 16.3607 2
      vertex 60.9393 16.3607 1.2
    endloop
  endfacet
  facet normal -0.773078 0.634311 0
    outer loop
      vertex 60.9393 16.3607 2
      vertex 60.7528 16.1334 1.2
      vertex 60.7528 16.1334 2
    endloop
  endfacet
  facet normal -0.634311 0.773078 0
    outer loop
      vertex 61.1666 16.5472 1.2
      vertex 60.9393 16.3607 2
      vertex 61.1666 16.5472 2
    endloop
  endfacet
  facet normal -0.634311 0.773078 0
    outer loop
      vertex 60.9393 16.3607 2
      vertex 61.1666 16.5472 1.2
      vertex 60.9393 16.3607 1.2
    endloop
  endfacet
  facet normal -0.956904 0.290404 0
    outer loop
      vertex 60.5288 15.5926 1.2
      vertex 60.6142 15.874 2
      vertex 60.6142 15.874 1.2
    endloop
  endfacet
  facet normal -0.956904 0.290404 0
    outer loop
      vertex 60.6142 15.874 2
      vertex 60.5288 15.5926 1.2
      vertex 60.5288 15.5926 2
    endloop
  endfacet
  facet normal -0.956904 -0.290404 0
    outer loop
      vertex 60.6142 14.726 1.2
      vertex 60.5288 15.0074 2
      vertex 60.5288 15.0074 1.2
    endloop
  endfacet
  facet normal -0.956904 -0.290404 0
    outer loop
      vertex 60.5288 15.0074 2
      vertex 60.6142 14.726 1.2
      vertex 60.6142 14.726 2
    endloop
  endfacet
  facet normal 0.0979545 0.995191 -0
    outer loop
      vertex 62.2926 16.7712 1.2
      vertex 62 16.8 2
      vertex 62.2926 16.7712 2
    endloop
  endfacet
  facet normal 0.0979545 0.995191 0
    outer loop
      vertex 62 16.8 2
      vertex 62.2926 16.7712 1.2
      vertex 62 16.8 1.2
    endloop
  endfacet
  facet normal 0.956904 -0.290404 0
    outer loop
      vertex 63.3858 14.726 0.4
      vertex 63.4712 15.0074 0.11
      vertex 63.4712 15.0074 0.4
    endloop
  endfacet
  facet normal 0.956904 -0.290404 0
    outer loop
      vertex 63.4712 15.0074 0.11
      vertex 63.3858 14.726 0.4
      vertex 63.3858 14.726 0.11
    endloop
  endfacet
  facet normal 0.471259 0.881995 -0
    outer loop
      vertex 62.8334 16.5472 0.11
      vertex 62.574 16.6858 0.4
      vertex 62.8334 16.5472 0.4
    endloop
  endfacet
  facet normal 0.471259 0.881995 0
    outer loop
      vertex 62.574 16.6858 0.4
      vertex 62.8334 16.5472 0.11
      vertex 62.574 16.6858 0.11
    endloop
  endfacet
  facet normal 0.290404 -0.956904 0
    outer loop
      vertex 62.2926 13.8288 0.11
      vertex 62.574 13.9142 0.4
      vertex 62.2926 13.8288 0.4
    endloop
  endfacet
  facet normal 0.290404 -0.956904 0
    outer loop
      vertex 62.574 13.9142 0.4
      vertex 62.2926 13.8288 0.11
      vertex 62.574 13.9142 0.11
    endloop
  endfacet
  facet normal -0.290404 -0.956904 0
    outer loop
      vertex 61.426 13.9142 0.11
      vertex 61.7074 13.8288 0.4
      vertex 61.426 13.9142 0.4
    endloop
  endfacet
  facet normal -0.290404 -0.956904 -0
    outer loop
      vertex 61.7074 13.8288 0.4
      vertex 61.426 13.9142 0.11
      vertex 61.7074 13.8288 0.11
    endloop
  endfacet
  facet normal 0.995191 0.0979545 0
    outer loop
      vertex 63.5 15.3 0.4
      vertex 63.4712 15.5926 0.11
      vertex 63.4712 15.5926 0.4
    endloop
  endfacet
  facet normal 0.995191 0.0979545 0
    outer loop
      vertex 63.4712 15.5926 0.11
      vertex 63.5 15.3 0.4
      vertex 63.5 15.3 0.11
    endloop
  endfacet
  facet normal 0.881995 0.471259 0
    outer loop
      vertex 63.3858 15.874 0.4
      vertex 63.2472 16.1334 0.11
      vertex 63.2472 16.1334 0.4
    endloop
  endfacet
  facet normal 0.881995 0.471259 0
    outer loop
      vertex 63.2472 16.1334 0.11
      vertex 63.3858 15.874 0.4
      vertex 63.3858 15.874 0.11
    endloop
  endfacet
  facet normal 0.290404 0.956904 -0
    outer loop
      vertex 62.574 16.6858 0.11
      vertex 62.2926 16.7712 0.4
      vertex 62.574 16.6858 0.4
    endloop
  endfacet
  facet normal 0.290404 0.956904 0
    outer loop
      vertex 62.2926 16.7712 0.4
      vertex 62.574 16.6858 0.11
      vertex 62.2926 16.7712 0.11
    endloop
  endfacet
  facet normal 0.634311 0.773078 -0
    outer loop
      vertex 63.0607 16.3607 0.11
      vertex 62.8334 16.5472 0.4
      vertex 63.0607 16.3607 0.4
    endloop
  endfacet
  facet normal 0.634311 0.773078 0
    outer loop
      vertex 62.8334 16.5472 0.4
      vertex 63.0607 16.3607 0.11
      vertex 62.8334 16.5472 0.11
    endloop
  endfacet
  facet normal -0.956904 -0.290404 0
    outer loop
      vertex 60.6142 14.726 0.11
      vertex 60.5288 15.0074 0.4
      vertex 60.5288 15.0074 0.11
    endloop
  endfacet
  facet normal -0.956904 -0.290404 0
    outer loop
      vertex 60.5288 15.0074 0.4
      vertex 60.6142 14.726 0.11
      vertex 60.6142 14.726 0.4
    endloop
  endfacet
  facet normal 0.995191 -0.0979545 0
    outer loop
      vertex 63.4712 15.0074 0.4
      vertex 63.5 15.3 0.11
      vertex 63.5 15.3 0.4
    endloop
  endfacet
  facet normal 0.995191 -0.0979545 0
    outer loop
      vertex 63.5 15.3 0.11
      vertex 63.4712 15.0074 0.4
      vertex 63.4712 15.0074 0.11
    endloop
  endfacet
  facet normal -0.956904 0.290404 0
    outer loop
      vertex 60.5288 15.5926 0.11
      vertex 60.6142 15.874 0.4
      vertex 60.6142 15.874 0.11
    endloop
  endfacet
  facet normal -0.956904 0.290404 0
    outer loop
      vertex 60.6142 15.874 0.4
      vertex 60.5288 15.5926 0.11
      vertex 60.5288 15.5926 0.4
    endloop
  endfacet
  facet normal -0.773078 -0.634311 0
    outer loop
      vertex 60.9393 14.2393 0.11
      vertex 60.7528 14.4666 0.4
      vertex 60.7528 14.4666 0.11
    endloop
  endfacet
  facet normal -0.773078 -0.634311 0
    outer loop
      vertex 60.7528 14.4666 0.4
      vertex 60.9393 14.2393 0.11
      vertex 60.9393 14.2393 0.4
    endloop
  endfacet
  facet normal -0.995191 0.0979545 0
    outer loop
      vertex 60.5 15.3 0.11
      vertex 60.5288 15.5926 0.4
      vertex 60.5288 15.5926 0.11
    endloop
  endfacet
  facet normal -0.995191 0.0979545 0
    outer loop
      vertex 60.5288 15.5926 0.4
      vertex 60.5 15.3 0.11
      vertex 60.5 15.3 0.4
    endloop
  endfacet
  facet normal -0.290404 0.956904 0
    outer loop
      vertex 61.7074 16.7712 0.11
      vertex 61.426 16.6858 0.4
      vertex 61.7074 16.7712 0.4
    endloop
  endfacet
  facet normal -0.290404 0.956904 0
    outer loop
      vertex 61.426 16.6858 0.4
      vertex 61.7074 16.7712 0.11
      vertex 61.426 16.6858 0.11
    endloop
  endfacet
  facet normal 0.881995 -0.471259 0
    outer loop
      vertex 63.2472 14.4666 0.4
      vertex 63.3858 14.726 0.11
      vertex 63.3858 14.726 0.4
    endloop
  endfacet
  facet normal 0.881995 -0.471259 0
    outer loop
      vertex 63.3858 14.726 0.11
      vertex 63.2472 14.4666 0.4
      vertex 63.2472 14.4666 0.11
    endloop
  endfacet
  facet normal -0.634311 -0.773078 0
    outer loop
      vertex 60.9393 14.2393 0.11
      vertex 61.1666 14.0528 0.4
      vertex 60.9393 14.2393 0.4
    endloop
  endfacet
  facet normal -0.634311 -0.773078 -0
    outer loop
      vertex 61.1666 14.0528 0.4
      vertex 60.9393 14.2393 0.11
      vertex 61.1666 14.0528 0.11
    endloop
  endfacet
  facet normal 0.0979545 -0.995191 0
    outer loop
      vertex 62 13.8 0.11
      vertex 62.2926 13.8288 0.4
      vertex 62 13.8 0.4
    endloop
  endfacet
  facet normal 0.0979545 -0.995191 0
    outer loop
      vertex 62.2926 13.8288 0.4
      vertex 62 13.8 0.11
      vertex 62.2926 13.8288 0.11
    endloop
  endfacet
  facet normal -0.881995 -0.471259 0
    outer loop
      vertex 60.7528 14.4666 0.11
      vertex 60.6142 14.726 0.4
      vertex 60.6142 14.726 0.11
    endloop
  endfacet
  facet normal -0.881995 -0.471259 0
    outer loop
      vertex 60.6142 14.726 0.4
      vertex 60.7528 14.4666 0.11
      vertex 60.7528 14.4666 0.4
    endloop
  endfacet
  facet normal 0.634311 -0.773078 0
    outer loop
      vertex 62.8334 14.0528 0.11
      vertex 63.0607 14.2393 0.4
      vertex 62.8334 14.0528 0.4
    endloop
  endfacet
  facet normal 0.634311 -0.773078 0
    outer loop
      vertex 63.0607 14.2393 0.4
      vertex 62.8334 14.0528 0.11
      vertex 63.0607 14.2393 0.11
    endloop
  endfacet
  facet normal 0 0 -1
    outer loop
      vertex 63.4712 15.0074 0.11
      vertex 63.4712 15.5926 0.11
      vertex 63.5 15.3 0.11
    endloop
  endfacet
  facet normal 0 0 -1
    outer loop
      vertex 63.3858 14.726 0.11
      vertex 63.4712 15.5926 0.11
      vertex 63.4712 15.0074 0.11
    endloop
  endfacet
  facet normal 0 0 -1
    outer loop
      vertex 63.3858 14.726 0.11
      vertex 63.3858 15.874 0.11
      vertex 63.4712 15.5926 0.11
    endloop
  endfacet
  facet normal 0 0 -1
    outer loop
      vertex 63.2472 14.4666 0.11
      vertex 63.3858 15.874 0.11
      vertex 63.3858 14.726 0.11
    endloop
  endfacet
  facet normal 0 0 -1
    outer loop
      vertex 63.2472 14.4666 0.11
      vertex 63.2472 16.1334 0.11
      vertex 63.3858 15.874 0.11
    endloop
  endfacet
  facet normal 0 0 -1
    outer loop
      vertex 63.0607 14.2393 0.11
      vertex 63.2472 16.1334 0.11
      vertex 63.2472 14.4666 0.11
    endloop
  endfacet
  facet normal 0 0 -1
    outer loop
      vertex 63.0607 14.2393 0.11
      vertex 63.0607 16.3607 0.11
      vertex 63.2472 16.1334 0.11
    endloop
  endfacet
  facet normal 0 0 -1
    outer loop
      vertex 62.8334 14.0528 0.11
      vertex 63.0607 16.3607 0.11
      vertex 63.0607 14.2393 0.11
    endloop
  endfacet
  facet normal 0 0 -1
    outer loop
      vertex 62.8334 14.0528 0.11
      vertex 62.8334 16.5472 0.11
      vertex 63.0607 16.3607 0.11
    endloop
  endfacet
  facet normal 0 0 -1
    outer loop
      vertex 62.574 13.9142 0.11
      vertex 62.8334 16.5472 0.11
      vertex 62.8334 14.0528 0.11
    endloop
  endfacet
  facet normal 0 0 -1
    outer loop
      vertex 62.574 13.9142 0.11
      vertex 62.574 16.6858 0.11
      vertex 62.8334 16.5472 0.11
    endloop
  endfacet
  facet normal 0 0 -1
    outer loop
      vertex 62.2926 13.8288 0.11
      vertex 62.574 16.6858 0.11
      vertex 62.574 13.9142 0.11
    endloop
  endfacet
  facet normal 0 0 -1
    outer loop
      vertex 62.2926 13.8288 0.11
      vertex 62.2926 16.7712 0.11
      vertex 62.574 16.6858 0.11
    endloop
  endfacet
  facet normal 0 0 -1
    outer loop
      vertex 62 13.8 0.11
      vertex 62.2926 16.7712 0.11
      vertex 62.2926 13.8288 0.11
    endloop
  endfacet
  facet normal 0 0 -1
    outer loop
      vertex 62 13.8 0.11
      vertex 62 16.8 0.11
      vertex 62.2926 16.7712 0.11
    endloop
  endfacet
  facet normal 0 0 -1
    outer loop
      vertex 61.7074 13.8288 0.11
      vertex 62 16.8 0.11
      vertex 62 13.8 0.11
    endloop
  endfacet
  facet normal 0 0 -1
    outer loop
      vertex 61.7074 13.8288 0.11
      vertex 61.7074 16.7712 0.11
      vertex 62 16.8 0.11
    endloop
  endfacet
  facet normal 0 0 -1
    outer loop
      vertex 61.426 13.9142 0.11
      vertex 61.7074 16.7712 0.11
      vertex 61.7074 13.8288 0.11
    endloop
  endfacet
  facet normal 0 0 -1
    outer loop
      vertex 61.426 13.9142 0.11
      vertex 61.426 16.6858 0.11
      vertex 61.7074 16.7712 0.11
    endloop
  endfacet
  facet normal 0 0 -1
    outer loop
      vertex 61.1666 14.0528 0.11
      vertex 61.426 16.6858 0.11
      vertex 61.426 13.9142 0.11
    endloop
  endfacet
  facet normal 0 0 -1
    outer loop
      vertex 61.1666 14.0528 0.11
      vertex 61.1666 16.5472 0.11
      vertex 61.426 16.6858 0.11
    endloop
  endfacet
  facet normal 0 0 -1
    outer loop
      vertex 60.9393 14.2393 0.11
      vertex 61.1666 16.5472 0.11
      vertex 61.1666 14.0528 0.11
    endloop
  endfacet
  facet normal 0 0 -1
    outer loop
      vertex 60.9393 14.2393 0.11
      vertex 60.9393 16.3607 0.11
      vertex 61.1666 16.5472 0.11
    endloop
  endfacet
  facet normal 0 0 -1
    outer loop
      vertex 60.7528 14.4666 0.11
      vertex 60.9393 16.3607 0.11
      vertex 60.9393 14.2393 0.11
    endloop
  endfacet
  facet normal 0 0 -1
    outer loop
      vertex 60.7528 14.4666 0.11
      vertex 60.7528 16.1334 0.11
      vertex 60.9393 16.3607 0.11
    endloop
  endfacet
  facet normal 0 0 -1
    outer loop
      vertex 60.6142 14.726 0.11
      vertex 60.7528 16.1334 0.11
      vertex 60.7528 14.4666 0.11
    endloop
  endfacet
  facet normal 0 0 -1
    outer loop
      vertex 60.6142 14.726 0.11
      vertex 60.6142 15.874 0.11
      vertex 60.7528 16.1334 0.11
    endloop
  endfacet
  facet normal 0 0 -1
    outer loop
      vertex 60.5288 15.0074 0.11
      vertex 60.6142 15.874 0.11
      vertex 60.6142 14.726 0.11
    endloop
  endfacet
  facet normal 0 0 -1
    outer loop
      vertex 60.5288 15.0074 0.11
      vertex 60.5288 15.5926 0.11
      vertex 60.6142 15.874 0.11
    endloop
  endfacet
  facet normal 0 -0 -1
    outer loop
      vertex 60.5288 15.5926 0.11
      vertex 60.5288 15.0074 0.11
      vertex 60.5 15.3 0.11
    endloop
  endfacet
  facet normal -0.881995 0.471259 0
    outer loop
      vertex 60.6142 15.874 0.11
      vertex 60.7528 16.1334 0.4
      vertex 60.7528 16.1334 0.11
    endloop
  endfacet
  facet normal -0.881995 0.471259 0
    outer loop
      vertex 60.7528 16.1334 0.4
      vertex 60.6142 15.874 0.11
      vertex 60.6142 15.874 0.4
    endloop
  endfacet
  facet normal -0.634311 0.773078 0
    outer loop
      vertex 61.1666 16.5472 0.11
      vertex 60.9393 16.3607 0.4
      vertex 61.1666 16.5472 0.4
    endloop
  endfacet
  facet normal -0.634311 0.773078 0
    outer loop
      vertex 60.9393 16.3607 0.4
      vertex 61.1666 16.5472 0.11
      vertex 60.9393 16.3607 0.11
    endloop
  endfacet
  facet normal 0.773078 -0.634311 0
    outer loop
      vertex 63.0607 14.2393 0.4
      vertex 63.2472 14.4666 0.11
      vertex 63.2472 14.4666 0.4
    endloop
  endfacet
  facet normal 0.773078 -0.634311 0
    outer loop
      vertex 63.2472 14.4666 0.11
      vertex 63.0607 14.2393 0.4
      vertex 63.0607 14.2393 0.11
    endloop
  endfacet
  facet normal 0.956904 0.290404 0
    outer loop
      vertex 63.4712 15.5926 0.4
      vertex 63.3858 15.874 0.11
      vertex 63.3858 15.874 0.4
    endloop
  endfacet
  facet normal 0.956904 0.290404 0
    outer loop
      vertex 63.3858 15.874 0.11
      vertex 63.4712 15.5926 0.4
      vertex 63.4712 15.5926 0.11
    endloop
  endfacet
  facet normal -0.995191 -0.0979545 0
    outer loop
      vertex 60.5288 15.0074 0.11
      vertex 60.5 15.3 0.4
      vertex 60.5 15.3 0.11
    endloop
  endfacet
  facet normal -0.995191 -0.0979545 0
    outer loop
      vertex 60.5 15.3 0.4
      vertex 60.5288 15.0074 0.11
      vertex 60.5288 15.0074 0.4
    endloop
  endfacet
  facet normal 0.471259 -0.881995 0
    outer loop
      vertex 62.574 13.9142 0.11
      vertex 62.8334 14.0528 0.4
      vertex 62.574 13.9142 0.4
    endloop
  endfacet
  facet normal 0.471259 -0.881995 0
    outer loop
      vertex 62.8334 14.0528 0.4
      vertex 62.574 13.9142 0.11
      vertex 62.8334 14.0528 0.11
    endloop
  endfacet
  facet normal -0.471259 -0.881995 0
    outer loop
      vertex 61.1666 14.0528 0.11
      vertex 61.426 13.9142 0.4
      vertex 61.1666 14.0528 0.4
    endloop
  endfacet
  facet normal -0.471259 -0.881995 -0
    outer loop
      vertex 61.426 13.9142 0.4
      vertex 61.1666 14.0528 0.11
      vertex 61.426 13.9142 0.11
    endloop
  endfacet
  facet normal -0.0979545 -0.995191 0
    outer loop
      vertex 61.7074 13.8288 0.11
      vertex 62 13.8 0.4
      vertex 61.7074 13.8288 0.4
    endloop
  endfacet
  facet normal -0.0979545 -0.995191 -0
    outer loop
      vertex 62 13.8 0.4
      vertex 61.7074 13.8288 0.11
      vertex 62 13.8 0.11
    endloop
  endfacet
  facet normal -0.0979545 0.995191 0
    outer loop
      vertex 62 16.8 0.11
      vertex 61.7074 16.7712 0.4
      vertex 62 16.8 0.4
    endloop
  endfacet
  facet normal -0.0979545 0.995191 0
    outer loop
      vertex 61.7074 16.7712 0.4
      vertex 62 16.8 0.11
      vertex 61.7074 16.7712 0.11
    endloop
  endfacet
  facet normal -0.773078 0.634311 0
    outer loop
      vertex 60.7528 16.1334 0.11
      vertex 60.9393 16.3607 0.4
      vertex 60.9393 16.3607 0.11
    endloop
  endfacet
  facet normal -0.773078 0.634311 0
    outer loop
      vertex 60.9393 16.3607 0.4
      vertex 60.7528 16.1334 0.11
      vertex 60.7528 16.1334 0.4
    endloop
  endfacet
  facet normal -0.471259 0.881995 0
    outer loop
      vertex 61.426 16.6858 0.11
      vertex 61.1666 16.5472 0.4
      vertex 61.426 16.6858 0.4
    endloop
  endfacet
  facet normal -0.471259 0.881995 0
    outer loop
      vertex 61.1666 16.5472 0.4
      vertex 61.426 16.6858 0.11
      vertex 61.1666 16.5472 0.11
    endloop
  endfacet
  facet normal 0.773078 0.634311 0
    outer loop
      vertex 63.2472 16.1334 0.4
      vertex 63.0607 16.3607 0.11
      vertex 63.0607 16.3607 0.4
    endloop
  endfacet
  facet normal 0.773078 0.634311 0
    outer loop
      vertex 63.0607 16.3607 0.11
      vertex 63.2472 16.1334 0.4
      vertex 63.2472 16.1334 0.11
    endloop
  endfacet
  facet normal 0.0979545 0.995191 -0
    outer loop
      vertex 62.2926 16.7712 0.11
      vertex 62 16.8 0.4
      vertex 62.2926 16.7712 0.4
    endloop
  endfacet
  facet normal 0.0979545 0.995191 0
    outer loop
      vertex 62 16.8 0.4
      vertex 62.2926 16.7712 0.11
      vertex 62 16.8 0.11
    endloop
  endfacet
endsolid OpenSCAD_Model
